Set Code,Number,Finish,Count,Location,Order/Add Date,Price Per Card,Order Note,Name
EOC,82,N,1,3,46195,3.05,Mana Pool,"Braids, Arisen Nightmare"
EOC,15,N,1,3,46195,2.2,Mana Pool,Horizon Explorer
SOS,99,N,1,3,46195,0.45,Mana Pool,Scheming Silvertongue // Sign in Blood
FDN,112,N,1,3,46195,0.15,Mana Pool,Spinner of Souls
ECC,63,N,1,3,46195,0.48,Mana Pool,Vernal Fen
EOC,185,N,1,4,46236,1.31,Mana Pool,Sulfurous Springs
MH1,246,N,1,4,46236,5.48,Mana Pool,Silent Clearing
SOS,260,N,1,4,46236,1.4,Mana Pool,Shattered Sanctum
MH1,247,N,1,4,46236,3,Mana Pool,Sunbaked Canyon
MH3,35,N,1,4,46236,0.4,Mana Pool,Metastatic Evangel
RVR,380,N,1,4,46236,4.88,Mana Pool,Rhythm of the Wild
RAV,87,N,1,4,46236,0.49,Mana Pool,Golgari Thug
SOC,330,N,1,4,46236,0.35,Mana Pool,Shadrix Silverquill
OTJ,211,N,1,4,46236,4.51,Mana Pool,"Kambal, Profiteering Mayor"
M3C,279,N,1,4,46236,0.46,Mana Pool,"Ziatora, the Incinerator"
CNS,160,N,1,Box,44750,0.35,CS,Copperhorn Scout
STX,176,N,1,Box,44505,,Packs 1,Deadly Brew
RTR,164,N,1,Box,44544,0.75,CS,Golgari Charm
GRN,175,N,1,Box,44660,0.15,TCG,Golgari Findbroker
KHM,213,N,1,Box,44922,0.49,CS,Harald Unites the Elves
KHM,106,N,1,Box,45220,0.12,TCG,Return Upon the Tide
TMP,254,N,1,Box,45540,1.38,TCG,Seeker of Skybreak
AFC,171,N,1,Box,44660,0.49,CS,Shamanic Revelation
CMR,55,N,1,Box,44988,0.99,CS,Amphin Mutineer
CMR,214,N,1,Box,44646,,CMR 1,"Anara, Wolvid Familiar"
CMR,215,N,1,Box,44646,,CMR 1,Ancient Animus
CMR,56,N,3,Box,44646,,CMR 1,Aqueous Form
CMR,9,N,1,Box,44619,0.99,CK,Archon of Coronation
CMR,10,N,2,Box,44646,,CMR 1,"Ardenn, Intrepid Archaeologist"
CMR,270,N,1,Box,44646,,CMR 1,"Belbe, Corrupted Observer"
CMR,300,N,1,Box,44646,,CMR 1,Bladegriff Prototype
CMR,112,N,1,Box,44646,,CMR 1,Cast Down
CMR,303,N,3,Box,44646,,CMR 1,Charcoal Diamond
CMR,170,N,1,Box,44646,,CMR 1,Court of Ire
CMR,222,N,1,Box,44646,,CMR 1,Dawnglade Regent
CMR,175,N,1,Box,44646,,CMR 1,Emberwilde Captain
CMR,67,N,1,Box,44646,,CMR 1,"Esior, Wardwing Familiar"
CMR,225,N,1,Box,44646,,CMR 1,Farhaven Elf
CMR,309,N,2,Box,44646,,CMR 1,Fire Diamond
CMR,128,N,4,Box,44646,,CMR 1,Fleshbag Marauder
CMR,180,N,2,Box,44646,,CMR 1,Frenzied Saddlebrute
CMR,228,N,1,Box,44646,,CMR 1,Fyndhorn Elves
CMR,279,N,1,Box,44646,,CMR 1,Hans Eriksson
CMR,184,N,2,Box,44646,,CMR 1,Humble Defector
CMR,232,N,2,Box,44646,,CMR 1,Hunter's Insight
CMR,235,N,1,Box,44646,,CMR 1,Imperious Perfect
CMR,238,N,1,Box,44646,,CMR 1,Kamahl's Will
CMR,188,N,2,Box,44646,,CMR 1,"Kediss, Emberclaw Familiar"
CMR,242,N,1,Box,44646,,CMR 1,Magus of the Order
CMR,324,N,1,Box,44646,,CMR 1,Mask of Memory
CMR,325,N,1,Box,44646,,CMR 1,Meteor Golem
CMR,135,N,1,Box,44646,,CMR 1,"Nadier, Agent of the Duskenel"
CMR,34,N,1,Box,44646,,CMR 1,Open the Armory
CMR,247,N,1,Box,44646,,CMR 1,Ordeal of Nylea
CMR,84,N,2,Box,44646,,CMR 1,Preordain
CMR,145,N,1,Box,44646,,CMR 1,Profane Transfusion
CMR,248,N,1,Box,44646,,CMR 1,Reclamation Sage
CMR,197,N,2,Box,44646,,CMR 1,"Rograkh, Son of Rohgahh"
CMR,336,N,1,Box,44646,,CMR 1,Sandstone Oracle
CMR,254,N,1,Box,44646,,CMR 1,Sifter Wurm
CMR,47,N,1,Box,44646,,CMR 1,Slash the Ranks
CMR,152,N,1,Box,44646,,CMR 1,Szat's Will
CMR,103,N,2,Box,44646,,CMR 1,Thirst for Knowledge
CMR,52,N,1,Box,44646,,CMR 1,Triumphant Reckoning
CMR,157,N,2,Box,44646,,CMR 1,Victimize
CMR,158,N,1,Box,44561,0.39,CK,Viscera Seer
CMR,158,N,3,Box,44646,,CMR 1,Viscera Seer
BNG,61,N,1,Box,44505,,Packs 1,Bile Blight
RNA,158,N,1,Box,44505,,Packs 1,Biomancer's Familiar
RNA,224,N,1,Box,44505,,Packs 1,Consecrate // Consume
SOI,202,N,1,Box,44505,,Packs 1,Deathcap Cultivator
BFZ,22,N,1,Box,44505,,Packs 1,Emeria Shepherd
RNA,124,N,1,Box,44505,,Packs 1,End-Raze Forerunners
RNA,106,N,1,Box,44505,,Packs 1,Immolation Shaman
IKO,24,N,1,Box,44505,,Packs 1,Mythos of Snapdax
IKO,170,N,1,Box,44505,,Packs 1,Ram Through
IKO,211,N,1,Box,44505,,Packs 1,Sprite Dragon
RNA,210,N,1,Box,44505,,Packs 1,Sunder Shaman
BFZ,192,N,1,Box,44505,,Packs 1,Sylvan Scrying
RNA,146,N,1,Box,44505,,Packs 1,Titanic Brawl
SOI,236,N,2,Box,44505,,Packs 1,Ulvenwald Mysteries
SOI,237,N,1,Box,44505,,Packs 1,Vessel of Nascency
CMR,8,F,1,Box,44646,,CMR 1,Anointer of Valor
MID,88,F,1,Box,44701,0.25,CS,Blood Pact
CMR,164,F,1,Box,44646,,CMR 1,Brazen Freebooter
CMR,302,F,1,Box,44646,,CMR 1,Burnished Hart
CMR,167,F,1,Box,44646,,CMR 1,Champion of the Flame
CMR,223,F,1,Box,44646,,CMR 1,Elvish Visionary
CMR,176,F,1,Box,44646,,CMR 1,Explosion of Riches
CMR,124,F,1,Box,44646,,CMR 1,Eyeblight Cullers
CMR,68,F,1,Box,44646,,CMR 1,Fall from Favor
CMR,227,F,2,Box,44646,,CMR 1,Fin-Clade Fugitives
CMR,309,F,1,Box,44646,,CMR 1,Fire Diamond
STX,187,F,1,Box,44505,,Packs 1,Fractal Summoning
STX,43,F,1,Box,44505,,Packs 1,Frost Trickster
STX,104,F,1,Box,44505,,Packs 1,Grinning Ignus
2X2,13,F,1,Box,44780,0.15,TCG,Hyena Umbra
CMR,238,F,1,Box,44646,,CMR 1,Kamahl's Will
IKO,18,F,1,Box,44505,,Packs 1,Keensight Mentor
CMR,29,F,1,Box,44646,,CMR 1,Kinsbaile Courier
M21,110,F,1,Box,44889,0.29,TCG,Liliana's Standard Bearer
CMR,321,F,1,Box,44646,,CMR 1,Lumengrid Gargoyle
CMR,32,F,1,Box,44646,,CMR 1,Make a Stand
CMR,323,F,1,Box,44646,,CMR 1,Marble Diamond
GRN,76,F,1,Box,44505,,Packs 1,Mephitic Vapors
CMR,194,F,1,Box,44646,,CMR 1,Portent of Betrayal
BFZ,122,F,1,Box,44505,,Packs 1,Rising Miasma
KHM,190,F,1,Box,44660,0.15,TCG,Roots of Wisdom
CMR,92,F,2,Box,44646,,CMR 1,Scholar of Stars
CMR,252,F,1,Box,44646,,CMR 1,Scrounging Bandar
RNA,218,F,1,Box,44505,,Packs 1,Scuttlegator
CMR,97,F,2,Box,44646,,CMR 1,Skaab Goliath
CMR,46,F,2,Box,44646,,CMR 1,Skywhaler's Shot
CMR,50,F,1,Box,44646,,CMR 1,Soul of Eternity
CMR,100,F,1,Box,44646,,CMR 1,Spontaneous Mutation
CMR,357,F,1,Box,44646,,CMR 1,Terramorphic Expanse
CMR,292,F,1,Box,44646,,CMR 1,Tuya Bearclaw
CMR,212,F,1,Box,44646,,CMR 1,Wild Celebrants
KTK,1,N,1,Box,44790,0.25,CS,Abzan Battle Priest
AER,105,N,1,Box,44864,0.25,TCG,Aid from the Cowl
UMA,122,N,1,Box,44493,1.79,CK,Anger
MIC,157,N,1,Box,44544,1.99,CS,Arcane Signet
CLB,298,N,1,Box,44751,0.89,TCG,Arcane Signet
C21,234,N,1,Box,44619,1.99,CK,Arcane Signet
MH2,74,N,1,Box,44493,0.25,CK,Archfiend of Sorrows
VOW,93,N,1,Box,45078,0.35,CK,Archghoul of Thraben
NCC,326,N,1,Box,44735,0.22,TCG,Artifact Mutation
40K,105,N,1,Box,45485,1.46,TCG,Atalan Jackal
CMR,12,N,1,Box,44646,,CMR 1,Austere Command
AFC,179,N,1,Box,44493,1.99,CK,Bedevil
RNA,157,N,1,Box,44544,1.99,CS,Bedevil
VOC,78,N,1,Box,45248,0.33,TCG,Benevolent Offering
CMR,162,N,1,Box,44646,,CMR 1,Blasphemous Act
C21,159,N,1,Box,44711,2.99,CS,Blasphemous Act
SNC,417,N,1,Box,44814,2.13,TCG,Body Launderer
MID,131,N,1,Box,44493,0.49,CK,Burn Down the House
BRO,174,N,1,Box,45047,0.25,CS,Bushwhack
SCD,70,N,1,Box,44922,0.43,TCG,Cemetery Reaper
DMR,299,N,1,Box,45457,0.27,TCG,"Chainer, Dementia Master"
MH2,289,N,1,Box,44533,0.49,CS,"Chainer, Nightmare Adept"
MOR,141,N,1,Box,44790,1.99,CS,Cloak and Dagger
BFZ,4,N,1,Box,44533,1.75,CS,Conduit of Ruin
CLB,168,N,1,Box,44884,0.1,TCG,Coronation of Chaos
ZNR,95,N,1,Box,44790,0.49,CS,Coveted Prize
C21,38,N,1,Box,44619,7.99,CK,Cunning Rhetoric
AKH,223,N,1,Box,44533,0.49,CS,Cut // Ribbons
A25,82,N,1,Box,44701,1.25,CS,Dark Ritual
WAR,189,N,1,Box,44544,0.39,CK,Deathsprout
SOA,63,N,1,Box,46203,,Draft SOS,Deflecting Palm
M19,91,N,1,Box,44493,0.39,CK,Demon of Catastrophes
THB,292,N,1,Box,44493,0.49,CK,Demon of Loathing
ZNR,97,N,1,Box,45078,0.49,CK,Demon's Disciple
STA,59,N,1,Box,44505,,Packs 1,Despark
MOM,185,N,1,Box,45457,0.27,TCG,Doomskar Warrior
ZNR,98,N,1,Box,45137,1.52,TCG,"Drana, the Last Bloodchief"
VOW,108,N,1,Box,44544,0.25,CK,Dreadfeast Demon
MID,97,N,1,Box,44942,0.2,TCG,Dreadhound
C15,152,N,1,Box,44533,0.99,CS,Earthquake
VIS,104,N,1,Box,44922,0.51,TCG,Elephant Grass
CLB,172,N,1,Box,45089,0.23,TCG,Elturel Survivors
M20,98,N,1,Box,44493,0.35,CK,Embodiment of Agonies
WHO,84,N,1,Box,45592,1.87,TCG,Ensnared by the Mara
CMM,868,N,1,Box,45376,0.56,TCG,"Erebos, Bleak-Hearted"
MIC,138,N,1,Box,44619,4.99,CK,Eternal Witness
SOM,61,N,1,Box,44698,7.49,TCG,Exsanguinate
BRC,84,N,1,Box,44922,0.19,TCG,Fact or Fiction
EMA,128,N,1,Box,44493,0.35,CK,Faithless Looting
C19,165,N,1,Box,44735,1.74,TCG,Farseek
SOA,29,N,1,Box,46203,,Draft SOS,Feed the Swarm
NCC,367,N,1,Box,44699,0.58,TCG,Fellwar Stone
CLB,860,N,1,Box,44780,1.22,TCG,Fellwar Stone
NCC,367,N,1,Box,44699,0.58,TCG,Fellwar Stone
NCC,367,N,1,Box,44699,0.58,TCG,Fellwar Stone
CLB,650,F,1,Box,44787,,Precon 1 Nalia,Folk Hero
CMM,740,N,1,Box,45592,1.75,TCG,For the Ancestors
M21,146,N,1,Box,45078,0.99,CK,"Gadrak, the Crown-Scourge"
BRO,182,N,1,Box,45653,0.34,TCG,Gaea's Gift
LTR,296,N,1,Box,45089,2.71,TCG,"Galadriel, Gift-Giver"
CLB,694,N,1,Box,44787,,Precon 1 Nalia,Galepowder Mage
MH1,11,N,1,Box,44619,1.99,CK,Generous Gift
THS,14,N,1,Box,44922,2.6,TCG,Gift of Immortality
FEM,58b,N,1,Box,44784,0.24,TCG,Goblin War Drums
EMN,90,N,1,Box,44864,0.25,TCG,Graf Harvest
THB,99,N,1,Box,44493,0.99,CK,Gray Merchant of Asphodel
VOW,239,N,1,Box,45485,0.97,TCG,"Halana and Alena, Partners"
THS,124,N,1,Box,44561,1.29,CK,Hammer of Purphoros
EMN,130,N,1,Box,44767,3.79,TCG,"Hanweir Garrison // Hanweir, the Writhing Township"
CLB,235,N,1,Box,45457,0.27,TCG,Hardy Outlander
ZNC,69,N,1,Box,44660,0.35,CS,Harrow
DDQ,60,N,1,Box,44493,1.19,CK,Harvester of Souls
DDK,52,N,1,Box,44493,0.35,CK,Hellrider
CLB,848,N,1,Box,44787,,Precon 1 Nalia,High Priest of Penance
JMP,402,N,1,Box,44780,0.16,TCG,Hunter's Insight
CLB,182,N,1,Box,44849,0.25,TCG,Ingenious Artillerist
RNA,185,N,1,Box,44544,0.99,CS,"Judith, the Scourge Diva"
5DN,135,N,1,Box,44922,0.99,TCG,Lantern of Insight
AFC,27,N,1,Box,45149,0.45,TCG,"Lorcan, Warlock Collector"
AKH,99,N,1,Box,44864,0.74,TCG,Lord of the Accursed
C15,162,N,1,Box,44493,0.25,CK,Magmaquake
SCD,150,N,1,Box,44988,0.49,CS,Magmatic Force
ZNR,112,N,1,Box,44814,0.2,TCG,Marauding Blight-Priest
NEO,111,N,1,Box,45653,0.21,TCG,March of Wretched Sorrow
CLB,865,N,1,Box,44787,,Precon 1 Nalia,Maskwood Nexus
WTH,153,N,1,Box,44493,1.19,CK,Mind Stone
C21,251,N,1,Box,44619,0.79,CK,Mind Stone
RNA,108,N,1,Box,44493,0.79,CK,Mirror March
SOS,91,N,1,Box,46203,,Draft SOS,"Moseo, Vein's New Dean"
CLB,702,N,1,Box,44787,,Precon 1 Nalia,Mother of Runes
ELD,287,N,1,Box,44544,3.99,CS,Murderous Rider // Swift End
M13,102,N,1,Box,44701,1.49,CS,Mutilate
CLB,649,F,1,Box,44787,,Precon 1 Nalia,Nalia de'Arnise
CMR,137,N,1,Box,44889,0.57,TCG,Necrotic Hex
2X2,83,N,1,Box,44963,1.29,CK,Necrotic Ooze
C17,217,N,1,Box,44942,0.69,TCG,Nevinyrral's Disk
NPH,17,N,1,Box,44619,6.49,CK,Norn's Annex
THB,235,N,1,Box,45293,2.4,TCG,Nyx Lotus
M15,110,N,1,Box,44533,9.99,CS,"Ob Nixilis, Unshackled"
MH2,232,N,1,Box,45078,0.69,CK,Ornithopter of Paradise
2XM,100,N,1,Box,44619,1.25,CS,Oubliette
DMR,309,N,1,Box,45078,0.79,CK,Oversold Cemetery
PLST,CN2-18,N,1,Box,44619,0.99,CK,Palace Jailer
ROE,9,N,1,Box,44533,3.99,CS,Pathrazer of Ulamog
CLB,332,N,1,Box,44963,2.79,CK,Patriar's Seal
USG,148,N,1,Box,44963,0.2,CK,Phyrexian Ghoul
AFC,107,N,1,Box,44544,0.49,CS,Plaguecrafter
CLB,768,N,1,Box,44787,,Precon 1 Nalia,Pontiff of Blight
RNA,83,N,1,Box,44544,3.99,CS,Priest of Forgotten Gods
INV,205,N,1,Box,44836,0.09,TCG,Quirion Trailblazer
C16,315,N,1,Box,44619,0.25,CK,Rakdos Carnarium
C17,190,N,1,Box,44619,1.29,CK,Rakdos Charm
RNA,199,N,1,Box,44493,2.79,CK,"Rakdos, the Showstopper"
KHM,72,N,1,Box,44942,0.21,TCG,Ravenform
C14,159,N,1,Box,44493,1.49,CK,Reaper from the Abyss
CMR,335,N,1,Box,44646,,CMR 1,Rings of Brighthearth
KHM,107,N,1,Box,44963,1.29,CK,Rise of the Dread Marn
SNC,331,N,1,Box,44660,0.1,TCG,Riveteers Charm
DTK,36,N,1,Box,44798,3.5,TCG,Secure the Wastes
CLB,707,N,1,Box,44787,,Precon 1 Nalia,Sevinne's Reclamation
STX,330,N,1,Box,44836,0.93,TCG,"Shaile, Dean of Radiance // Embrose, Dean of Shadow"
TOR,83,N,1,Box,45293,0.45,TCG,Sickening Dreams
M13,110,N,1,Box,44849,0.25,TCG,Sign in Blood
CLB,148,N,1,Box,44942,0.1,TCG,"Sivriss, Nightmare Speaker"
BRO,221,N,1,Box,45787,0.15,TCG,Skyfisher Spider
AFC,140,N,1,Box,44646,1.29,CK,Skyline Despot
KHM,194,N,1,Box,45510,0.25,TCG,Snakeskin Veil
ZNC,120,N,1,Box,44493,1.49,CK,Sol Ring
MIC,162,N,1,Box,44544,1.49,CS,Sol Ring
NEC,161,N,1,Box,44619,2.29,CK,Sol Ring
NEC,161,N,1,Box,44619,1.99,CK,Sol Ring
NCC,379,N,1,Box,44751,1.3,TCG,Sol Ring
CLB,871,N,1,Box,44787,,Precon 1 Nalia,Sol Ring
AFC,216,N,1,Box,44493,1.79,CK,Solemn Simulacrum
DMC,191,N,1,Box,44963,0.79,CK,Solemn Simulacrum
DDU,62,N,1,Box,44707,0.9,TCG,Solemn Simulacrum
PLST,DDU-62,N,1,Box,44963,0.99,CK,Solemn Simulacrum
MH2,265,N,1,Box,44619,0.35,CK,Solitary Confinement
UMA,115,N,1,Box,45078,0.69,CK,Songs of the Damned
ICE,160,N,1,Box,44814,0.54,TCG,Songs of the Damned
ONS,171,N,1,Box,45173,0.79,CK,Soulless One
GPT,18,N,1,Box,44790,1.99,CS,Spelltithe Enforcer
AER,23,N,1,Box,44765,0.2,TCG,"Sram, Senior Edificer"
MH2,293,N,1,Box,44922,1.22,TCG,Sterling Grove
STX,115,N,1,Box,44505,,Packs 1,Storm-Kiln Artist
AFC,73,N,1,Box,44922,0.75,CS,Sun Titan
XLN,165,N,1,Box,44505,,Packs 1,Sunbird's Invocation
NCC,382,N,1,Box,44699,0.93,TCG,Swiftfoot Boots
TSR,145,N,1,Box,44701,0.25,CS,Tendrils of Corruption
C15,234,N,1,Box,44619,0.35,CK,"Teysa, Envoy of Ghosts"
C19,131,N,1,Box,44493,0.49,CK,The Eldest Reborn
7ED,273,F,1,Box,44505,,Promo 1,Thorn Elemental
CMR,346,N,1,Box,44533,2.99,CS,Thought Vessel
CLB,773,N,1,Box,44787,,Precon 1 Nalia,Thwart the Grave
CMR,155,N,1,Box,44922,0.15,TCG,"Tormod, the Desecrator"
ICE,221,N,1,Box,44836,0.57,TCG,Total War
DKA,76,N,1,Box,44922,0.21,TCG,Tragic Slip
DKA,77,N,1,Box,44493,0.55,CK,Undying Evil
C17,21,N,1,Box,44988,3.99,CS,Vindictive Lich
MM2,168,N,1,Box,45510,0.8,TCG,Vines of Vastwood
MOM,171,N,1,Box,45470,0.74,TCG,Voldaren Thrillseeker
AFC,149,N,1,Box,44533,0.49,CS,Warstorm Surge
2X2,293,N,1,Box,45078,0.59,CK,"Wasitora, Nekoru Queen"
CMA,165,N,1,Box,44828,1.02,TCG,Wave of Vitriol
DGM,135,N,1,Box,44680,2.49,CS,Wear // Tear
GTC,207,N,1,Box,44922,0.82,TCG,Whispering Madness
AKH,76,N,1,Box,44922,0.19,TCG,Winds of Rebuke
C15,212,N,1,Box,44780,0.67,TCG,Wood Elves
CNS,183,N,1,Box,44765,1.08,TCG,Wrap in Vigor
TOR,89,N,1,Box,45418,0.62,TCG,Zombie Trailblazer
CLB,775,N,1,Box,44787,,Precon 1 Nalia,Zulaport Cutthroat
CLB,298,N,1,Box,44787,,Precon 1 Nalia,Arcane Signet
CLB,114,N,1,Box,45088,0.24,TCG,Astarion's Thirst
JMP,95,N,1,Box,44790,4.97,TCG,Cathars' Crusade
C16,246,N,1,Box,44544,2.99,CS,Cauldron of Souls
CLB,695,N,1,Box,44787,,Precon 1 Nalia,Glorious Protector
CLB,867,N,1,Box,44787,,Precon 1 Nalia,Orzhov Signet
GPT,63,N,1,Box,45047,0.25,CS,Smogsteed Rider
ZNR,346,N,1,Box,44533,0.49,CS,"Taborax, Hope's Demise"
CLB,878,N,1,Box,44787,,Precon 1 Nalia,Talisman of Hierarchy
BRO,260,N,1,Box,44903,0.55,TCG,Demolition Field
C16,27,N,1,Box,44963,0.79,CK,Ancient Excavation
NCC,360,N,1,Box,44701,1,TCG,Arcane Signet
ELD,83,N,1,Box,45137,0.09,TCG,Cauldron's Gift
LCI,103,N,1,Box,45293,0.25,TCG,Defossilize
NCC,365,N,1,Box,44963,0.99,CK,Dimir Signet
MKC,242,N,1,Box,45628,1.04,TCG,Talisman of Dominance
LTR,199,N,1,Box,45089,2.32,TCG,Doors of Durin
AVR,176,N,1,Box,44770,2.49,CS,Druids' Repository
KTK,149,N,1,Box,45137,0.75,TCG,See the Unwritten
NEM,117,N,1,Box,44849,2.49,CS,Skyshroud Claim
AFC,174,N,1,Box,44903,0.6,TCG,Wild Growth
MH3,405,N,1,"Gisa, Zombie Gardener",45457,0.32,TCG,Accursed Marauder
BRR,66,N,1,"Gisa, Zombie Gardener",44988,5.94,CS,Altar of Dementia
INR,370,N,1,"Gisa, Zombie Gardener",45727,0.45,TCG,Archghoul of Thraben
BRR,67,N,1,"Gisa, Zombie Gardener",44895,6.49,TCG,Ashnod's Altar
ELD,75,N,1,"Gisa, Zombie Gardener",45078,2.79,CK,"Ayara, First of Locthwain"
MH3,243,N,1,"Gisa, Zombie Gardener",45457,0.65,TCG,Boggart Trawler // Boggart Bog
C17,238,N,1,"Gisa, Zombie Gardener",44544,1.99,CS,Bojuka Bog
DMC,179,N,1,"Gisa, Zombie Gardener",45078,5.49,CK,Bontu's Monument
DOM,238,N,1,"Gisa, Zombie Gardener",44698,3.87,TCG,Cabal Stronghold
SCG,59,N,1,"Gisa, Zombie Gardener",45078,1.79,CK,Carrion Feeder
CLB,884,N,1,"Gisa, Zombie Gardener",45078,3.99,CK,Castle Locthwain
CLB,744,N,1,"Gisa, Zombie Gardener",44787,,Precon 1 Nalia,Corpse Augur
ELD,217,N,1,"Gisa, Zombie Gardener",44889,0.29,TCG,Crashing Drawbridge
PW24,17,N,1,"Gisa, Zombie Gardener",46040,0.3,TCG,Crippling Fear
MIC,17,N,1,"Gisa, Zombie Gardener",44988,1.49,CS,Crowded Crypt
TDC,354,N,1,"Gisa, Zombie Gardener",46040,1.05,TCG,Crypt of Agadeem
EMN,86,N,1,"Gisa, Zombie Gardener",45137,4.03,TCG,Cryptbreaker
M19,90,N,1,"Gisa, Zombie Gardener",44922,1,TCG,Death Baron
JOU,65,N,1,"Gisa, Zombie Gardener",44544,15.99,CK,Dictate of Erebos
SOI,107,N,1,"Gisa, Zombie Gardener",44922,1.75,TCG,Diregraf Colossus
BRC,106,N,1,"Gisa, Zombie Gardener",45470,0.89,TCG,Feed the Swarm
VOW,112,N,1,"Gisa, Zombie Gardener",44864,0.27,TCG,Fell Stinger
CMR,128,N,1,"Gisa, Zombie Gardener",44646,,CMR 1,Fleshbag Marauder
LGN,70,N,1,"Gisa, Zombie Gardener",45047,0.35,CS,Gempalm Polluter
DKA,63,N,1,"Gisa, Zombie Gardener",45293,1.41,TCG,Geralf's Messenger
CC2,2,N,1,"Gisa, Zombie Gardener",44922,2.15,TCG,Ghoulcaller Gisa
WAR,92,N,1,"Gisa, Zombie Gardener",44544,6.99,CS,God-Eternal Bontu
LGN,73,N,1,"Gisa, Zombie Gardener",44963,1.95,CK,Graveborn Muse
DKA,64,N,1,"Gisa, Zombie Gardener",45078,3.99,CK,Gravecrawler
THS,89,N,1,"Gisa, Zombie Gardener",44963,0.79,CK,Gray Merchant of Asphodel
MH3,409,N,1,"Gisa, Zombie Gardener",45470,0.24,TCG,Grim Servant
ZNR,106,N,1,"Gisa, Zombie Gardener",44856,1.44,TCG,Hagra Mauling // Hagra Broodpit
VOW,118,N,1,"Gisa, Zombie Gardener",44988,1.99,CS,Headless Rider
LCC,303,N,1,"Gisa, Zombie Gardener",45709,0.25,TCG,Heirloom Blade
TMP,291,N,1,"Gisa, Zombie Gardener",45078,4.39,CK,Helm of Possession
SCD,267,N,1,"Gisa, Zombie Gardener",44922,1.19,TCG,Heraldic Banner
CLB,862,N,1,"Gisa, Zombie Gardener",45196,3.29,TCG,Herald's Horn
C21,41,N,1,"Gisa, Zombie Gardener",44963,2.99,CK,Incarnation Technique
C14,245,N,1,"Gisa, Zombie Gardener",44864,0.62,TCG,Lashwrithe
NCC,36,N,1,"Gisa, Zombie Gardener",44922,1.06,TCG,Lethal Scheme
CM2,68,N,1,"Gisa, Zombie Gardener",44963,4.57,TCG,Living Death
DRC,27,N,1,"Gisa, Zombie Gardener",45709,1.4,TCG,Lost Monarch of Ifnir
ZNR,111,N,1,"Gisa, Zombie Gardener",45429,3.63,TCG,Malakir Rebirth // Malakir Mire
GRN,75,N,1,"Gisa, Zombie Gardener",45727,0.96,TCG,Mausoleum Secrets
SCD,91,N,1,"Gisa, Zombie Gardener",44922,0.49,TCG,Midnight Reaper
DKA,70,N,1,"Gisa, Zombie Gardener",45510,7.86,TCG,"Mikaeus, the Unhallowed"
VOC,133,N,1,"Gisa, Zombie Gardener",44533,0.99,CS,Night's Whisper
2X2,309,N,1,"Gisa, Zombie Gardener",45293,2.61,TCG,Nim Deathmantle
LGN,77,N,1,"Gisa, Zombie Gardener",45429,3.21,TCG,Noxious Ghoul
MH2,275,N,1,"Gisa, Zombie Gardener",45220,2.81,TCG,Patriarch's Bidding
CLB,332,N,11,"Gisa, Zombie Gardener",44963,2.79,CK,Patriar's Seal
MOM,122,N,1,"Gisa, Zombie Gardener",45293,0.6,TCG,Pile On
AKH,104,N,1,"Gisa, Zombie Gardener",45078,4.49,CK,Plague Belcher
STX,81,N,1,"Gisa, Zombie Gardener",44505,,Packs 1,Plumb the Forbidden
MIC,22,N,1,"Gisa, Zombie Gardener",44864,0.24,TCG,Ravenous Rotbelly
ALL,59,N,1,"Gisa, Zombie Gardener",45293,2.79,TCG,Ritual of the Machine
ONS,168,N,1,"Gisa, Zombie Gardener",45418,0.6,TCG,Shepherd of Rot
DTK,120,N,1,"Gisa, Zombie Gardener",45727,5.37,TCG,"Sidisi, Undead Vizier"
SOM,78,N,1,"Gisa, Zombie Gardener",45714,0.14,TCG,Skinrender
MH3,230,N,1,"Gisa, Zombie Gardener",45457,1.4,TCG,Spymaster's Vault
J22,472,N,1,"Gisa, Zombie Gardener",44922,1.92,TCG,Stitcher's Supplier
MIR,149,N,1,"Gisa, Zombie Gardener",45137,5.97,TCG,Tombstone Stairwell
BRO,125,N,1,"Gisa, Zombie Gardener",45078,0.49,CK,Transmogrant's Crown
MH1,112,N,1,"Gisa, Zombie Gardener",44864,0.23,TCG,Undead Augur
J25,500,N,1,"Gisa, Zombie Gardener",45714,0.16,TCG,Undead Butler
SCG,80,N,1,"Gisa, Zombie Gardener",44889,0.74,TCG,Vengeful Dead
CMR,157,N,1,"Gisa, Zombie Gardener",44646,,CMR 1,Victimize
SLD,235,N,1,"Gisa, Zombie Gardener",44988,3.99,CS,Vindictive Lich
GN3,3,F,1,"Gisa, Zombie Gardener",45319,2.5,TCG,"Vogar, Necropolis Tyrant"
NCC,384,N,1,"Gisa, Zombie Gardener",44797,0.99,CS,Wayfarer's Bauble
ELD,249,N,1,"Gisa, Zombie Gardener",45047,0.49,TCG,Witch's Cottage
MB2,188,N,1,"Gisa, Zombie Gardener",46195,0.37,Mana Pool,Zombie Master
2X2,318,N,1,Lands,44765,0.18,TCG,Azorius Chancery
40K,266,N,1,Lands,44922,0.15,TCG,Barren Moor
C18,235,N,1,Lands,44963,0.29,CK,Barren Moor
ZNC,122,N,1,Lands,44619,0.25,CK,Boros Garrison
AFC,228,N,1,Lands,44922,0.19,TCG,Choked Estuary
C21,284,N,1,Lands,44493,0.35,CK,Command Tower
AFC,230,N,1,Lands,44544,0.49,CS,Command Tower
UMA,240,N,1,Lands,45078,1.29,CK,Dakmor Salvage
WAR,245,N,1,Lands,44619,0.99,CK,Emergence Zone
WAR,245,N,1,Lands,44619,0.99,CK,Emergence Zone
C19,242,N,1,Lands,44544,0.49,CS,Exotic Orchard
NEC,168,N,1,Lands,44751,0.24,TCG,Exotic Orchard
C19,242,N,1,Lands,44922,0.24,TCG,Exotic Orchard
VOW,402,N,,Lands,,,,Forest
STX,266,N,1,Lands,44505,,Packs 1,Furycalm Snarl
C21,290,N,1,Lands,44544,0.25,CS,Gingerbread Cabin
MH3,254,N,1,Lands,45536,,Packs 2,Glasswing Grace // Age-Graced Chapel
KHM,259,N,1,Lands,45149,0.05,TCG,Great Hall of Starnheim
ZNC,131,N,1,Lands,44619,0.25,CK,Gruul Turf
CMR,351,N,2,Lands,44646,,CMR 1,Guildless Commons
CLB,896,N,1,Lands,45185,0.29,TCG,Highland Forest
VOW,399,N,,Lands,,,,Island
WWK,139,N,1,Lands,45220,1,TCG,Lavaclaw Reaches
DSC,286,N,1,Lands,45559,0.71,TCG,Leechridden Swamp
C13,305,N,1,Lands,44942,0.15,TCG,Lonely Sandbar
CLB,901,N,1,Lands,44765,0.13,TCG,Mossfire Valley
VOW,401,N,,Lands,,,,Mountain
CLB,905,N,1,Lands,44922,0.1,TCG,Nephalia Drownyard
C16,314,N,1,Lands,44619,0.25,CK,Orzhov Basilica
CLB,906,N,1,Lands,44787,,Precon 1 Nalia,Orzhov Basilica
CMR,353,F,1,Lands,44646,,CMR 1,Path of Ancestry
VOC,177,N,1,Lands,44533,0.25,CS,Path of Ancestry
CMR,353,N,3,Lands,44646,,CMR 1,Path of Ancestry
CLB,907,N,1,Lands,44787,,Precon 1 Nalia,Path of Ancestry
VOW,398,N,,Lands,,,,Plains
VOC,180,N,1,Lands,44533,0.25,CS,Rakdos Carnarium
ORI,250,N,1,Lands,44922,0.5,TCG,Rogue's Passage
BFZ,242,N,1,Lands,44533,0.99,CS,Sanctum of Ugin
MM3,243,N,1,Lands,44544,1.99,CS,Savage Lands
AKH,248,N,1,Lands,44988,3.49,CS,Sheltered Thicket
STX,272,N,1,Lands,44619,1.79,CK,Shineshadow Snarl
KHM,268,N,1,Lands,44922,0.25,CS,Skemfar Elderhall
AFC,261,N,1,Lands,44765,0.15,TCG,Skycloud Expanse
C13,326,N,1,Lands,44963,0.99,CK,Springjack Pasture
NCC,430,N,1,Lands,44922,0.24,TCG,Sungrass Prairie
VOW,400,N,,Lands,,,,Swamp
C21,320,N,1,Lands,44619,0.25,CK,Tainted Field
BIG,30,N,1,Lands,45653,2.49,TCG,Tarnation Vista
40K,168,N,1,Lands,45078,2.99,CK,Tomb Fortress
STX,274,N,1,Lands,44505,,Packs 1,Vineglimmer Snarl
BLC,352,N,1,Lands,45628,0.17,TCG,Viridescent Bog
ELD,249,N,1,Lands,45429,0.39,TCG,Witch's Cottage
C21,234,N,1,Marchesa Thatcher,44619,1.99,CK,Arcane Signet
KLD,5,N,1,Marchesa Thatcher,44721,7.45,TCG,Authority of the Consuls
C20,257,N,1,Marchesa Thatcher,44619,1.99,CK,Battlefield Forge
ARC,80,N,1,Marchesa Thatcher,45047,1.83,TCG,Batwing Brume
CMR,162,F,1,Marchesa Thatcher,44533,2.99,CS,Blasphemous Act
C16,59,N,1,Marchesa Thatcher,44619,5.99,CK,Blind Obedience
GK1,84,N,1,Marchesa Thatcher,44619,3.19,CK,Boros Charm
MM3,217,N,1,Marchesa Thatcher,44619,0.69,CK,Boros Signet
C21,1,F,1,Marchesa Thatcher,44623,0.99,TCG,"Breena, the Demagogue"
ORI,245,N,1,Marchesa Thatcher,44619,0.79,CK,Caves of Koilos
DOM,239,N,1,Marchesa Thatcher,44722,5.78,TCG,Clifftop Retreat
NEC,167,N,1,Marchesa Thatcher,44636,0.25,TCG,Command Tower
2XM,11,N,1,Marchesa Thatcher,44619,2.29,CK,Council's Judgment
CMR,114,N,1,Marchesa Thatcher,44646,,CMR 1,Court of Ambition
WOC,24,N,1,Marchesa Thatcher,45173,1.99,CK,Court of Embereth
CMR,16,N,1,Marchesa Thatcher,44646,,CMR 1,Court of Grace
C17,167,N,1,Marchesa Thatcher,44619,0.35,CK,Crackling Doom
MH2,80,N,1,Marchesa Thatcher,44619,3.99,CK,Damn
KTK,173,N,1,Marchesa Thatcher,44619,2.99,CK,Deflecting Palm
C20,25,N,1,Marchesa Thatcher,44906,0.45,TCG,Dismantling Wave
AFC,122,N,1,Marchesa Thatcher,44680,2.99,CS,Disrupt Decorum
INV,102,N,1,Marchesa Thatcher,44828,3.39,TCG,Do or Die
XLN,252,N,1,Marchesa Thatcher,44906,1.75,TCG,Dragonskull Summit
C16,1,N,1,Marchesa Thatcher,44619,0.99,CS,Duelist's Heritage
NEC,168,N,1,Marchesa Thatcher,44619,0.35,CK,Exotic Orchard
MOC,399,N,1,Marchesa Thatcher,45130,1.74,TCG,Fetid Heath
CLU,32,N,1,Marchesa Thatcher,45376,1.81,TCG,Frenzied Gorespawn
C20,152,N,1,Marchesa Thatcher,44849,0.23,TCG,Fumiko the Lowblood
VOC,87,N,1,Marchesa Thatcher,44619,2.49,CK,Ghostly Prison
AVR,209,N,1,Marchesa Thatcher,44721,6.75,TCG,"Gisela, Blade of Goldnight"
GTC,242,N,1,Marchesa Thatcher,44891,8.74,TCG,Godless Shrine
IMA,237,N,1,Marchesa Thatcher,45130,5.98,TCG,Graven Cairns
MID,263,F,1,Marchesa Thatcher,44619,9.99,CK,Haunted Ridge
DIS,151,N,1,Marchesa Thatcher,45173,1.83,CK,Hide // Seek
C21,71,N,1,Marchesa Thatcher,44619,7.49,CK,Inkshield
MOM,114,N,1,Marchesa Thatcher,45047,1.49,CS,"Invasion of Fiora // Marchesa, Resolute Monarch"
MD1,16,N,1,Marchesa Thatcher,45727,1.81,TCG,Isolated Chapel
KLD,183,N,1,Marchesa Thatcher,44619,3.99,CK,"Kambal, Consul of Allocation"
AFC,49,F,1,Marchesa Thatcher,44619,1.49,CS,"Karazikar, the Eye Tyrant"
KHM,324,N,1,Marchesa Thatcher,44963,0.09,TCG,"Kardur, Doomscourge"
MH1,205,N,1,Marchesa Thatcher,45293,0.93,TCG,Kaya's Guile
CMR,27,N,1,Marchesa Thatcher,44646,,CMR 1,Keeper of the Accord
NCC,48,N,1,Marchesa Thatcher,45653,2.19,TCG,Life of the Party
BRO,12,N,1,Marchesa Thatcher,44883,1.4,TCG,Loran of the Third Path
A25,23,N,1,Marchesa Thatcher,44619,11.99,CK,Luminarch Ascension
CLB,355,N,1,Marchesa Thatcher,44722,6.42,TCG,Luxury Suite
m21,27,N,1,Marchesa Thatcher,44619,16.99,CK,"Mangara, the Diplomat"
CN2,44,N,1,Marchesa Thatcher,44619,3.49,CK,Marchesa's Decree
SOK,19,N,1,Marchesa Thatcher,44735,8.21,TCG,"Michiko Konda, Truth Seeker"
FRF,109,N,1,Marchesa Thatcher,44619,0.35,CK,Mob Rule
MKC,4,F,1,Marchesa Thatcher,45376,0.17,TCG,"Nelly Borca, Impulsive Accuser"
KTK,237,N,1,Marchesa Thatcher,44619,0.99,CK,Nomad Outpost
C13,84,N,1,Marchesa Thatcher,44849,5.75,TCG,Ophiomancer
MH2,232,N,1,Marchesa Thatcher,45078,0.69,CK,Ornithopter of Paradise
C15,262,N,1,Marchesa Thatcher,44619,0.79,CK,Orzhov Signet
BRO,111,N,1,Marchesa Thatcher,44884,0.44,TCG,Painful Quandary
DMC,116,N,1,Marchesa Thatcher,44849,0.49,CS,Painful Truths
MM3,17,N,1,Marchesa Thatcher,44849,1.87,TCG,Path to Exile
CMR,531,F,1,Marchesa Thatcher,45319,1.8,TCG,Queen Marchesa
C17,221,N,1,Marchesa Thatcher,44619,1.29,CK,Rakdos Signet
KHM,300,N,1,Marchesa Thatcher,44942,0.55,TCG,"Reidane, God of the Worthy // Valkmira, Protector's Shield"
DMU,236,N,1,Marchesa Thatcher,44942,1.92,TCG,Relic of Legends
M12,105,N,1,Marchesa Thatcher,44619,1.29,CK,Royal Assassin
NCC,423,N,1,Marchesa Thatcher,45130,2.64,TCG,Rugged Prairie
IKO,204,N,1,Marchesa Thatcher,44619,5.99,CK,Ruinous Ultimatum
VOW,264,N,1,Marchesa Thatcher,45130,7.17,TCG,Shattered Sanctum
CLB,870,N,1,Marchesa Thatcher,44787,,Precon 1 Nalia,Skullclamp
ZNR,127,N,1,Marchesa Thatcher,44561,0.99,CK,Soul Shatter
CMR,356,N,1,Marchesa Thatcher,44722,5.86,TCG,Spectator Seating
VOW,266,N,1,Marchesa Thatcher,45130,6.16,TCG,Sundown Pass
EMA,32,N,1,Marchesa Thatcher,44619,3.49,CK,Swords to Plowshares
MH1,230,N,1,Marchesa Thatcher,44619,2.49,CK,Talisman of Conviction
MH1,233,N,1,Marchesa Thatcher,44619,2.29,CK,Talisman of Hierarchy
LTC,71,N,1,Marchesa Thatcher,45130,0.82,TCG,Taunt from the Rampart
VOC,186,N,1,Marchesa Thatcher,44619,1.49,CK,Temple of Malice
M21,255,N,1,Marchesa Thatcher,44619,0.49,CK,Temple of Silence
M21,256,N,1,Marchesa Thatcher,44619,0.39,CK,Temple of Triumph
CMR,153,N,1,Marchesa Thatcher,44544,8.99,CS,"Tevesh Szat, Doom of Fools"
EMN,46,N,1,Marchesa Thatcher,44619,5.99,CK,"Thalia, Heretic Cathar"
XLN,249,N,1,Marchesa Thatcher,44963,2.99,CK,Thaumatic Compass // Spires of Orazca
MMQ,330,N,1,Marchesa Thatcher,45130,8.51,TCG,Tower of the Magistrate
C13,25,N,1,Marchesa Thatcher,44836,0.2,TCG,Unexpectedly Absent
MKC,17,N,1,Marchesa Thatcher,45653,0.19,TCG,Unexplained Absence
CMR,360,N,1,Marchesa Thatcher,44646,,CMR 1,Vault of Champions
CLB,812,N,1,Marchesa Thatcher,44758,0.99,CS,Vengeful Ancestor
NCC,384,N,1,Marchesa Thatcher,44699,1.03,TCG,Wayfarer's Bauble
MH3,239,N,1,Marchesa Thatcher,45536,,Packs 2,Witch Enchanter // Witch-Blessed Meadow
DMR,315,N,1,Marchesa Thatcher,45089,7.96,TCG,"Yawgmoth, Thran Physician"
CMR,265,N,1,"Miara and Kamahl, Murder Hippies",44646,,CMR 1,Abomination of Llanowar
A25,160,N,1,"Miara and Kamahl, Murder Hippies",44660,0.75,CS,Arbor Elf
2X2,175,N,1,"Miara and Kamahl, Murder Hippies",44758,7.99,CS,Assassin's Trophy
C21,277,N,1,"Miara and Kamahl, Murder Hippies",45130,0.15,TCG,Barren Moor
GRN,123,N,1,"Miara and Kamahl, Murder Hippies",44660,2.99,CS,Beast Whisperer
MH2,150,N,1,"Miara and Kamahl, Murder Hippies",46096,0.5,Mana Pool,Blessed Respite
ONC,145,N,1,"Miara and Kamahl, Murder Hippies",44963,0.43,CK,Bojuka Bog
KHC,12,N,1,"Miara and Kamahl, Murder Hippies",44660,0.15,TCG,Bounty of Skemfar
KHM,378,N,1,"Miara and Kamahl, Murder Hippies",44660,0.48,TCG,Canopy Tactician
ECL,171,N,1,"Miara and Kamahl, Murder Hippies",46040,0.65,TCG,Champions of the Perfect
MBS,78,N,1,"Miara and Kamahl, Murder Hippies",44794,0.25,TCG,Creeping Corrosion
CLB,745,N,1,"Miara and Kamahl, Murder Hippies",44922,0.18,TCG,Crippling Fear
BRO,260,N,1,"Miara and Kamahl, Murder Hippies",44903,0.55,TCG,Demolition Field
DDU,2,N,1,"Miara and Kamahl, Murder Hippies",44660,0.25,TCG,"Dwynen, Gilt-Leaf Daen"
ECL,218,N,1,"Miara and Kamahl, Murder Hippies",46096,0.3,Mana Pool,Eclipsed Elf
KHM,93,N,1,"Miara and Kamahl, Murder Hippies",44794,0.1,TCG,Elderfang Disciple
KHC,15,N,1,"Miara and Kamahl, Murder Hippies",44660,0.21,TCG,Elderfang Venom
KHM,391,N,1,"Miara and Kamahl, Murder Hippies",44660,0.49,CS,Elven Ambush
C14,190,N,1,"Miara and Kamahl, Murder Hippies",44660,1.49,CS,Elvish Archdruid
CMR,121,N,1,"Miara and Kamahl, Murder Hippies",44660,0.49,CS,Elvish Dreadlord
ONS,255,N,1,"Miara and Kamahl, Murder Hippies",44660,0.99,CS,Elvish Guidance
M15,173,N,1,"Miara and Kamahl, Murder Hippies",44660,0.75,CS,Elvish Mystic
KHC,59,N,1,"Miara and Kamahl, Murder Hippies",44660,0.65,TCG,Elvish Promenade
KHM,363,N,1,"Miara and Kamahl, Murder Hippies",44660,2.03,TCG,Elvish Warmaster
BRO,177,N,1,"Miara and Kamahl, Murder Hippies",44884,0.45,TCG,Fade from History
CMR,225,N,1,"Miara and Kamahl, Murder Hippies",44646,,CMR 1,Farhaven Elf
EOC,21,N,1,"Miara and Kamahl, Murder Hippies",46040,0.3,TCG,Festering Thicket
CMM,740,N,1,"Miara and Kamahl, Murder Hippies",45628,1.43,TCG,For the Ancestors
CMR,228,N,1,"Miara and Kamahl, Murder Hippies",44646,,CMR 1,Fyndhorn Elves
SNC,148,N,1,"Miara and Kamahl, Murder Hippies",44828,0.44,TCG,Gala Greeters
PLST,LRW-268,N,1,"Miara and Kamahl, Murder Hippies",45628,2.68,TCG,Gilt-Leaf Palace
ECL,102,N,1,"Miara and Kamahl, Murder Hippies",46040,0.45,TCG,Gloom Ripper
ORI,100,N,1,"Miara and Kamahl, Murder Hippies",44660,0.49,CS,Gnarlroot Trapper
C20,277,N,1,"Miara and Kamahl, Murder Hippies",44619,0.25,CK,Golgari Rot Farm
C18,251,N,1,"Miara and Kamahl, Murder Hippies",45149,0.5,TCG,Grim Backwoods
KHM,212,F,1,"Miara and Kamahl, Murder Hippies",44660,0.15,TCG,"Harald, King of Skemfar"
UDS,108,N,1,"Miara and Kamahl, Murder Hippies",45047,0.25,CS,Heart Warden
CMR,234,N,1,"Miara and Kamahl, Murder Hippies",44660,0.28,TCG,Immaculate Magistrate
CMR,235,N,1,"Miara and Kamahl, Murder Hippies",44646,,CMR 1,Imperious Perfect
CMR,237,N,1,"Miara and Kamahl, Murder Hippies",44646,,CMR 1,"Kamahl, Heart of Krosa"
KHC,1,N,1,"Miara and Kamahl, Murder Hippies",44660,1.28,TCG,"Lathril, Blade of the Elves"
IKO,163,N,1,"Miara and Kamahl, Murder Hippies",44505,,Packs 1,Lead the Stampede
NCC,36,N,1,"Miara and Kamahl, Murder Hippies",44922,1.08,TCG,Lethal Scheme
M10,189,N,1,"Miara and Kamahl, Murder Hippies",44660,0.25,CS,Llanowar Elves
DSC,287,N,1,"Miara and Kamahl, Murder Hippies",45559,1.01,TCG,Llanowar Wastes
EMA,176,N,1,"Miara and Kamahl, Murder Hippies",44660,0.25,CS,Lys Alana Huntmaster
DOM,172,N,1,"Miara and Kamahl, Murder Hippies",44660,1.49,CS,"Marwyn, the Nurturer"
CMR,133,N,1,"Miara and Kamahl, Murder Hippies",44646,,CMR 1,"Miara, Thorn of the Glade"
M20,214,N,1,"Miara and Kamahl, Murder Hippies",44544,0.39,CK,Moldervine Reclamation
ECL,236,N,1,"Miara and Kamahl, Murder Hippies",46096,0.3,Mana Pool,Morcant's Loyalist
CMR,135,N,1,"Miara and Kamahl, Murder Hippies",44646,,CMR 1,"Nadier, Agent of the Duskenel"
CMR,136,N,1,"Miara and Kamahl, Murder Hippies",44646,,CMR 1,Nadier's Nightblade
STX,269,N,1,"Miara and Kamahl, Murder Hippies",44619,1.79,CK,Necroblossom Snarl
SCD,200,N,1,"Miara and Kamahl, Murder Hippies",45248,0.18,TCG,Nullmage Shepherd
MH1,243,N,1,"Miara and Kamahl, Murder Hippies",45683,5.61,TCG,Nurturing Peatland
KHC,9,N,1,"Miara and Kamahl, Murder Hippies",45220,4.56,TCG,Pact of the Serpent
CMR,353,N,1,"Miara and Kamahl, Murder Hippies",44646,,CMR 1,Path of Ancestry
M19,220,N,1,"Miara and Kamahl, Murder Hippies",44544,0.99,CS,Poison-Tip Archer
MH3,286,N,1,"Miara and Kamahl, Murder Hippies",45536,,Packs 2,Priest of Titania
C15,198,N,1,"Miara and Kamahl, Murder Hippies",44735,0.69,TCG,Primal Growth
KHC,53,N,1,"Miara and Kamahl, Murder Hippies",44660,0.18,TCG,Prowess of the Fair
CMR,248,N,1,"Miara and Kamahl, Murder Hippies",44646,,CMR 1,Reclamation Sage
MH3,256,N,1,"Miara and Kamahl, Murder Hippies",45559,0.98,TCG,Revitalizing Repast // Old-Growth Grove
KHC,73,N,1,"Miara and Kamahl, Murder Hippies",44660,0.23,TCG,Rhys the Exiled
KHC,10,N,1,"Miara and Kamahl, Murder Hippies",44660,0.15,TCG,Ruthless Winnower
ECL,193,N,1,"Miara and Kamahl, Murder Hippies",46096,,Draft Lorwyn,Selfless Safewright
CLB,146,N,1,"Miara and Kamahl, Murder Hippies",45130,0.2,TCG,"Shadowheart, Dark Justiciar"
EMA,205,N,1,"Miara and Kamahl, Murder Hippies",44660,0.25,CS,Shaman of the Pack
KHM,109,N,1,"Miara and Kamahl, Murder Hippies",44660,0.15,TCG,Skemfar Avenger
KHM,110,F,1,"Miara and Kamahl, Murder Hippies",44660,0.15,TCG,Skemfar Shadowsage
KHC,75,N,1,"Miara and Kamahl, Murder Hippies",44660,0.25,CS,Sylvan Messenger
M3C,383,N,1,"Miara and Kamahl, Murder Hippies",45540,0.24,TCG,Tainted Wood
M21,253,N,1,"Miara and Kamahl, Murder Hippies",44544,0.75,CS,Temple of Malady
KHC,76,N,1,"Miara and Kamahl, Murder Hippies",44660,0.23,TCG,Timberwatch Elf
5ED,332,N,1,"Miara and Kamahl, Murder Hippies",44836,1,TCG,Titania's Song
DDU,29,N,1,"Miara and Kamahl, Murder Hippies",45130,0.15,TCG,Tranquil Thicket
DSC,320,N,1,"Miara and Kamahl, Murder Hippies",45718,0.97,TCG,Twilight Mire
M3C,399,N,1,"Miara and Kamahl, Murder Hippies",45540,0.29,TCG,Unclaimed Territory
ECC,63,N,1,"Miara and Kamahl, Murder Hippies",46040,0.47,TCG,Vernal Fen
BLC,352,N,1,"Miara and Kamahl, Murder Hippies",45628,0.17,TCG,Viridescent Bog
ECL,202,N,1,"Miara and Kamahl, Murder Hippies",46096,,Draft Lorwyn,Virulent Emissary
ONS,303,N,1,"Miara and Kamahl, Murder Hippies",45220,0.2,TCG,Wirewood Pride
KHC,14,N,1,"Miara and Kamahl, Murder Hippies",44660,0.87,TCG,Wolverine Riders
EXO,130,N,1,"Miara and Kamahl, Murder Hippies",44864,0.49,TCG,Wood Elves
DOM,248,N,1,"Miara and Kamahl, Murder Hippies",44722,3,TCG,Woodland Cemetery
C20,77,N,1,"Nalia, Bring your +1 to the Party",44901,0.1,TCG,Banisher Priest
CLB,672,N,1,"Nalia, Bring your +1 to the Party",44787,,Precon 1 Nalia,Solemn Doomguide
OTC,9,N,1,"Nalia, Bring your +1 to the Party",45485,3.99,TCG,Angel of Indemnity
CLB,686,N,1,"Nalia, Bring your +1 to the Party",44787,,Precon 1 Nalia,Archpriest of Iona
CLB,687,N,1,"Nalia, Bring your +1 to the Party",44787,,Precon 1 Nalia,Austere Command
OTJ,4,N,1,"Nalia, Bring your +1 to the Party",45470,1.18,TCG,Aven Interrupter
CLB,688,N,1,"Nalia, Bring your +1 to the Party",44787,,Precon 1 Nalia,Aven Mindcensor
SLX,10,N,1,"Nalia, Bring your +1 to the Party",45196,0.89,TCG,"Baldin, Century Herdmaster"
CLB,669,N,1,"Nalia, Bring your +1 to the Party",44787,,Precon 1 Nalia,Black Market Connections
ZNR,91,N,1,"Nalia, Bring your +1 to the Party",44790,0.25,CS,Blackbloom Rogue // Blackbloom Bog
C21,137,N,1,"Nalia, Bring your +1 to the Party",44790,0.2,TCG,Bloodtracker
CLB,882,N,1,"Nalia, Bring your +1 to the Party",44787,,Precon 1 Nalia,Bojuka Bog
CLB,653,F,1,"Nalia, Bring your +1 to the Party",44787,,Precon 1 Nalia,"Burakos, Party Leader"
CLB,742,N,1,"Nalia, Bring your +1 to the Party",44787,,Precon 1 Nalia,Calculating Lich
DMU,244,N,1,"Nalia, Bring your +1 to the Party",44906,0.49,CS,Caves of Koilos
CLB,743,N,1,"Nalia, Bring your +1 to the Party",44787,,Precon 1 Nalia,Changeling Outcast
CLB,351,N,1,"Nalia, Bring your +1 to the Party",44787,,Precon 1 Nalia,Command Tower
M21,13,N,1,"Nalia, Bring your +1 to the Party",45415,0.46,TCG,Containment Priest
NCC,116,N,1,"Nalia, Bring your +1 to the Party",44814,2.16,TCG,Damning Verdict
MM2,75,N,1,"Nalia, Bring your +1 to the Party",45787,5.5,TCG,Dark Confidant
CLB,658,N,1,"Nalia, Bring your +1 to the Party",44787,,Precon 1 Nalia,Deep Gnome Terramancer
OTC,287,N,1,"Nalia, Bring your +1 to the Party",45559,0.75,TCG,Desolate Mire
ODY,18,N,1,"Nalia, Bring your +1 to the Party",44836,4,TCG,Devoted Caretaker
HOU,63,N,1,"Nalia, Bring your +1 to the Party",44790,0.24,TCG,Dreamstealer
SOC,53,N,1,"Nalia, Bring your +1 to the Party",46195,2.58,Mana Pool,Eclipsed Steppe
DMU,198,N,1,"Nalia, Bring your +1 to the Party",45047,0.35,CS,"Elas il-Kor, Sadistic Pilgrim"
EOE,97,N,1,"Nalia, Bring your +1 to the Party",46040,0.45,TCG,Elegy Acolyte
ZNR,12,N,1,"Nalia, Bring your +1 to the Party",44963,7.99,CK,"Emeria's Call // Emeria, Shattered Skyclave"
MH3,23,N,1,"Nalia, Bring your +1 to the Party",45485,0.5,TCG,Envoy of the Ancestors
ZNR,292,N,1,"Nalia, Bring your +1 to the Party",44790,1.99,CS,Felidar Retreat
CLB,845,N,1,"Nalia, Bring your +1 to the Party",44787,,Precon 1 Nalia,"Felisa, Fang of Silverquill"
NCC,401,N,1,"Nalia, Bring your +1 to the Party",44906,2.1,TCG,Fetid Heath
A25,14,N,1,"Nalia, Bring your +1 to the Party",44790,0.25,CS,Fiend Hunter
LTR,290,N,1,"Nalia, Bring your +1 to the Party",45376,0.92,TCG,"Gandalf, White Rider"
NCC,201,N,1,"Nalia, Bring your +1 to the Party",44780,2.17,TCG,Generous Gift
CLB,754,N,1,"Nalia, Bring your +1 to the Party",44787,,Precon 1 Nalia,Grim Haruspex
ZNR,106,N,1,"Nalia, Bring your +1 to the Party",46096,1.86,Mana Pool,Hagra Mauling // Hagra Broodpit
CLB,659,N,1,"Nalia, Bring your +1 to the Party",44787,,Precon 1 Nalia,Harper Recruiter
DOM,241,N,1,"Nalia, Bring your +1 to the Party",44722,3.93,TCG,Isolated Chapel
CLB,697,N,1,"Nalia, Bring your +1 to the Party",44787,,Precon 1 Nalia,Jazal Goldmane
SOS,23,N,1,"Nalia, Bring your +1 to the Party",46195,0.35,Mana Pool,Joined Researchers // Secret Rendezvous
WAR,248,N,1,"Nalia, Bring your +1 to the Party",44790,3.99,CS,Karn's Bastion
LCI,20,N,1,"Nalia, Bring your +1 to the Party",45248,0.35,TCG,Kutzil's Flanker
CLB,29,N,1,"Nalia, Bring your +1 to the Party",44790,0.47,TCG,"Lae'zel, Vlaakith's Champion"
C17,65,N,1,"Nalia, Bring your +1 to the Party",44901,0.29,TCG,Leonin Relic-Warder
LTR,420,N,1,"Nalia, Bring your +1 to the Party",45293,3.46,TCG,Minas Tirith
CLB,762,N,1,"Nalia, Bring your +1 to the Party",44787,,Precon 1 Nalia,Mindblade Render
CLB,701,N,1,"Nalia, Bring your +1 to the Party",44787,,Precon 1 Nalia,Mirror Entity
CLB,900,N,1,"Nalia, Bring your +1 to the Party",44787,,Precon 1 Nalia,Mortuary Mire
EMA,22,N,1,"Nalia, Bring your +1 to the Party",44864,1.98,TCG,Mother of Runes
CLB,684,N,1,"Nalia, Bring your +1 to the Party",44787,,Precon 1 Nalia,Multiclass Baldric
CLB,903,N,1,"Nalia, Bring your +1 to the Party",44787,,Precon 1 Nalia,Mutavault
CLB,643,N,1,"Nalia, Bring your +1 to the Party",44792,0.68,TCG,Nalia de'Arnise
C20,3,N,1,"Nalia, Bring your +1 to the Party",44790,2.99,CS,"Nikara, Lair Scavenger"
C21,20,N,1,"Nalia, Bring your +1 to the Party",44619,0.35,CK,"Nils, Discipline Enforcer"
AKH,233,N,1,"Nalia, Bring your +1 to the Party",44790,2.49,CS,Oketra's Monument
JMP,261,N,1,"Nalia, Bring your +1 to the Party",44790,0.49,CS,Oona's Blackguard
CLB,705,N,1,"Nalia, Bring your +1 to the Party",44787,,Precon 1 Nalia,Rumor Gatherer
CLB,660,N,1,"Nalia, Bring your +1 to the Party",44787,,Precon 1 Nalia,Seasoned Dungeoneer
STX,157,N,1,"Nalia, Bring your +1 to the Party",45485,0.5,TCG,Selfless Glyphweaver // Deadly Vanity
CLB,706,N,1,"Nalia, Bring your +1 to the Party",44787,,Precon 1 Nalia,Selfless Spirit
STX,272,N,1,"Nalia, Bring your +1 to the Party",44906,1.99,CS,Shineshadow Snarl
KHM,301,N,1,"Nalia, Bring your +1 to the Party",44790,0.19,TCG,"Sigrid, God-Favored"
ZNR,40,N,1,"Nalia, Bring your +1 to the Party",46096,0.3,Mana Pool,Skyclave Cleric // Skyclave Basilica
EXO,20,N,1,"Nalia, Bring your +1 to the Party",45185,0.19,TCG,Soltari Visionary
FDN,133,N,1,"Nalia, Bring your +1 to the Party",45787,1.5,TCG,Soulstone Sanctuary
CLB,709,N,1,"Nalia, Bring your +1 to the Party",44787,,Precon 1 Nalia,Squad Commander
CLB,917,N,1,"Nalia, Bring your +1 to the Party",44787,,Precon 1 Nalia,Starlit Sanctum
CLB,661,N,1,"Nalia, Bring your +1 to the Party",44787,,Precon 1 Nalia,Stick Together
VOC,9,N,1,"Nalia, Bring your +1 to the Party",45485,0.5,TCG,Storm of Souls
BBD,110,N,1,"Nalia, Bring your +1 to the Party",44780,1.99,TCG,Swords to Plowshares
CLB,919,N,1,"Nalia, Bring your +1 to the Party",44787,,Precon 1 Nalia,Tainted Field
CLB,924,N,1,"Nalia, Bring your +1 to the Party",44787,,Precon 1 Nalia,Temple of Silence
SNC,97,N,1,"Nalia, Bring your +1 to the Party",44688,0.8,TCG,Tenacious Underdog
SOC,60,N,1,"Nalia, Bring your +1 to the Party",46195,0.49,Mana Pool,Umbral Expanse
CLB,710,N,1,"Nalia, Bring your +1 to the Party",44787,,Precon 1 Nalia,Unbreakable Formation
KHM,309,N,1,"Nalia, Bring your +1 to the Party",44493,3.49,CK,"Varragoth, Bloodsky Sire"
CMM,436,N,1,"Nalia, Bring your +1 to the Party",45196,4.99,TCG,Vault of Champions
CLB,927,N,1,"Nalia, Bring your +1 to the Party",44787,,Precon 1 Nalia,Vault of the Archangel
CLB,929,N,1,"Nalia, Bring your +1 to the Party",44787,,Precon 1 Nalia,War Room
2X2,34,N,1,"Nalia, Bring your +1 to the Party",44790,4.49,CS,Weathered Wayfarer
CLB,49,N,1,"Nalia, Bring your +1 to the Party",44790,0.24,TCG,White Plume Adventurer
CLB,930,N,1,"Nalia, Bring your +1 to the Party",44787,,Precon 1 Nalia,Windbrisk Heights
ELD,249,N,1,"Nalia, Bring your +1 to the Party",44889,0.35,TCG,Witch's Cottage
CLB,52,N,1,"Nalia, Bring your +1 to the Party",44790,0.21,TCG,Your Temple Is Under Attack
MH2,219,N,1,Prosper's Payday Loans,44544,3.49,CS,Academy Manufactor
CLB,298,N,1,Prosper's Payday Loans,44751,0.89,TCG,Arcane Signet
C21,362,N,1,Prosper's Payday Loans,44814,1.18,TCG,Author of Shadows
KHM,311,N,1,Prosper's Payday Loans,44619,6.49,CK,"Birgi, God of Storytelling // Harnfel, Horn of Bounty"
C21,159,N,1,Prosper's Payday Loans,44711,2.99,CS,Blasphemous Act
MH3,252,N,1,Prosper's Payday Loans,45470,0.33,TCG,Bloodsoaked Insight // Sanguine Morass
WWK,132,N,1,Prosper's Payday Loans,44619,1.79,CK,Bojuka Bog
CLB,670,N,1,Prosper's Payday Loans,45047,3.44,TCG,Brainstealer Dragon
KLD,110,N,1,Prosper's Payday Loans,44619,9.99,CK,"Chandra, Torch of Defiance"
NCC,266,N,1,Prosper's Payday Loans,44701,1.99,CS,Chaos Warp
40K,271,N,1,Prosper's Payday Loans,44864,0.48,TCG,Command Tower
C21,49,N,1,Prosper's Payday Loans,44619,0.35,CK,Creative Technique
C21,50,N,1,Prosper's Payday Loans,45068,2.99,TCG,Cursed Mirror
MH2,81,N,1,Prosper's Payday Loans,44619,12.99,CK,Dauthi Voidwalker
AFR,94,N,1,Prosper's Payday Loans,44619,3.99,CK,Deadly Dispute
WOE,223,N,1,Prosper's Payday Loans,45173,1.91,TCG,Decadent Dragon // Expensive Taste
CLB,630,N,1,Prosper's Payday Loans,44797,4.99,CS,Delayed Blast Fireball
BRO,260,N,1,Prosper's Payday Loans,44903,0.55,TCG,Demolition Field
CLB,580,N,1,Prosper's Payday Loans,44735,0.49,TCG,Descent into Avernus
RIX,99,N,1,Prosper's Payday Loans,44619,1.49,CK,Dire Fleet Daredevil
2XM,86,N,1,Prosper's Payday Loans,44619,0.79,CK,Disciple of the Vault
M11,223,N,1,Prosper's Payday Loans,44619,4.39,CK,Dragonskull Summit
MH2,246,N,1,Prosper's Payday Loans,44922,0.26,TCG,Drossforge Bridge
WHO,84,N,1,Prosper's Payday Loans,45628,1.36,TCG,Ensnared by the Mara
AFC,47,N,1,Prosper's Payday Loans,44619,0.39,CK,Fevered Suspicion
SOI,272,N,1,Prosper's Payday Loans,44619,0.99,CK,Foreboding Ruins
SNC,107,N,1,Prosper's Payday Loans,45714,0.16,TCG,Glittering Stockpile
KLD,84,N,1,Prosper's Payday Loans,44619,0.35,CK,"Gonti, Lord of Luxury"
DFT,357,N,1,Prosper's Payday Loans,45709,1.77,TCG,"Gonti, Night Minister"
IMA,237,N,1,Prosper's Payday Loans,44903,6.63,TCG,Graven Cairns
CLB,755,N,1,Prosper's Payday Loans,44787,,Precon 1 Nalia,Grim Hireling
CMM,737,N,1,Prosper's Payday Loans,45173,2.04,TCG,Guff Rewrites History
MID,263,F,1,Prosper's Payday Loans,44619,7.99,CK,Haunted Ridge
AER,64,N,1,Prosper's Payday Loans,45415,0.49,TCG,Herald of Anguish
AFC,48,N,1,Prosper's Payday Loans,44619,0.99,CK,Hurl Through Hell
AFC,129,N,1,Prosper's Payday Loans,44619,0.35,CK,Ignite the Future
CLB,183,N,1,Prosper's Payday Loans,44864,0.2,TCG,Inspired Tinkering
CLB,575,N,1,Prosper's Payday Loans,44737,0.99,CS,Intellect Devourer
CLB,799,N,1,Prosper's Payday Loans,44720,9.23,TCG,Jeska's Will
C21,53,N,1,Prosper's Payday Loans,44619,7.99,CK,"Laelia, the Blade Reforged"
AFC,131,N,1,Prosper's Payday Loans,44619,0.49,CK,Light Up the Stage
LTC,110,N,1,Prosper's Payday Loans,45101,1,TCG,"Lobelia, Defender of Bag End"
CLB,355,N,1,Prosper's Payday Loans,44722,6.42,TCG,Luxury Suite
AFC,102,N,1,Prosper's Payday Loans,44619,0.35,CK,Marionette Master
WAR,204,N,1,Prosper's Payday Loans,44493,1.49,CK,Mayhem Devil
LTR,342,N,1,Prosper's Payday Loans,45101,1,TCG,Mines of Moria
LTR,421,N,1,Prosper's Payday Loans,45173,0.35,CK,Mirkwood Bats
CMR,136,N,1,Prosper's Payday Loans,44646,,CMR 1,Nadier's Nightblade
CLB,632,N,1,Prosper's Payday Loans,45068,3.29,TCG,Nalfeshnee
MH3,129,N,1,Prosper's Payday Loans,45457,0.43,TCG,Party Thrasher
CLB,656,F,1,Prosper's Payday Loans,44750,1.49,CS,Passionate Archaeologist
MAT,68,N,1,Prosper's Payday Loans,45068,1.19,TCG,Plargg and Nassari
SNC,116,N,1,Prosper's Payday Loans,45173,4,TCG,Professional Face-Breaker
AFC,2,F,1,Prosper's Payday Loans,44623,1.88,TCG,"Prosper, Tome-Bound"
NCC,50,N,1,Prosper's Payday Loans,44963,3,TCG,Rain of Riches
AFC,214,N,1,Prosper's Payday Loans,44544,0.99,CS,Rakdos Signet
AFC,33,N,1,Prosper's Payday Loans,44619,0.99,CK,Reckless Endeavor
KLD,126,N,1,Prosper's Payday Loans,44619,0.59,CK,Reckless Fireweaver
VOW,174,N,1,Prosper's Payday Loans,44619,0.49,CK,Reckless Impulse
XLN,117,N,1,Prosper's Payday Loans,44619,10.99,CK,Revel in Riches
M11,155,N,1,Prosper's Payday Loans,44619,3.99,CK,Reverberate
VOC,181,N,1,Prosper's Payday Loans,44619,0.35,CK,Shadowblood Ridge
AFC,303,N,1,Prosper's Payday Loans,44814,0.75,TCG,Share the Spoils
C20,314,N,1,Prosper's Payday Loans,44619,1.79,CK,Smoldering Marsh
AFC,263,N,1,Prosper's Payday Loans,44619,0.29,CK,Spinerock Knoll
VOC,184,N,1,Prosper's Payday Loans,44619,0.69,CK,Tainted Peak
40K,257,N,1,Prosper's Payday Loans,45149,3.1,TCG,Talisman of Indulgence
KHM,153,N,1,Prosper's Payday Loans,44735,2.51,TCG,Tibalt's Trickery
AFR,261,N,1,Prosper's Payday Loans,44619,8.99,CK,Treasure Vault
AFC,62,N,1,Prosper's Payday Loans,45220,0.5,TCG,Underdark Rift
ZNR,175,N,1,Prosper's Payday Loans,44619,0.99,CK,Valakut Exploration
KHM,286,N,1,Prosper's Payday Loans,44922,7.25,TCG,"Valki, God of Lies // Tibalt, Cosmic Impostor"
RTR,111,N,1,Prosper's Payday Loans,44619,4.49,CK,Vandalblast
ONE,113,N,1,Prosper's Payday Loans,45173,0.35,CK,Vat of Rebirth
MIC,36,N,1,Prosper's Payday Loans,44619,0.35,CK,Visions of Ruin
CMR,208,N,1,Prosper's Payday Loans,44646,,CMR 1,Volcanic Torrent
DSK,165,N,1,Prosper's Payday Loans,45628,0.29,TCG,Waltz of Rage
CLB,584,N,1,Prosper's Payday Loans,44814,0.73,TCG,Wand of Wonder
CLB,206,N,1,Prosper's Payday Loans,44758,1.99,CS,Wild Magic Surge
AFC,305,N,1,Prosper's Payday Loans,44619,2.29,CK,Wild-Magic Sorcerer
AFR,167,N,1,Prosper's Payday Loans,44619,3.49,CK,Xorn
AFR,169,N,1,Prosper's Payday Loans,44619,0.25,CK,You Find Some Prisoners
XLN,132,N,1,"Raktres, Lord of Discounts",45173,1.25,TCG,Angrath's Marauders
MIC,157,N,1,"Raktres, Lord of Discounts",44493,1.49,CK,Arcane Signet
M3C,197,N,1,"Raktres, Lord of Discounts",45485,4.88,TCG,Archon of Cruelty
MM2,2,N,1,"Raktres, Lord of Discounts",44533,0.75,CS,Artisan of Kozilek
ONC,145,N,1,"Raktres, Lord of Discounts",44963,0.43,CK,Bojuka Bog
WAR,115,N,1,"Raktres, Lord of Discounts",44856,0.91,TCG,Bolt Bend
AKH,239,N,1,"Raktres, Lord of Discounts",44922,1.54,TCG,Canyon Slough
NCC,266,N,1,"Raktres, Lord of Discounts",44780,1.03,TCG,Chaos Warp
C21,163,N,1,"Raktres, Lord of Discounts",44750,1.25,CS,Combustible Gearhulk
40K,272,N,1,"Raktres, Lord of Discounts",44922,0.13,TCG,Command Tower
MMQ,289,N,1,"Raktres, Lord of Discounts",44922,0.97,TCG,Credit Voucher
J22,21,N,1,"Raktres, Lord of Discounts",44942,3.24,TCG,Creeping Bloodsucker
EMN,193,N,1,"Raktres, Lord of Discounts",44561,0.99,CK,Cryptolith Fragment // Aurora of Emrakul
J22,396,N,1,"Raktres, Lord of Discounts",45653,0.19,TCG,Deathbringer Regent
DOM,86,N,1,"Raktres, Lord of Discounts",44561,1.49,CK,Demonlord Belzenlok
CLB,169,N,1,"Raktres, Lord of Discounts",45220,0.84,TCG,Descent into Avernus
C20,132,N,1,"Raktres, Lord of Discounts",44619,0.35,CK,Disciple of Bolas
M11,223,N,1,"Raktres, Lord of Discounts",44619,4.39,CK,Dragonskull Summit
CMD,79,N,1,"Raktres, Lord of Discounts",45137,3.4,TCG,Dread Cacodemon
CLB,125,N,1,"Raktres, Lord of Discounts",45628,0.38,TCG,Elder Brain
40K,76,N,1,"Raktres, Lord of Discounts",45718,0.75,TCG,Exocrine
MKC,153,N,1,"Raktres, Lord of Discounts",45540,0.66,TCG,Fiendish Duo
C15,26,N,1,"Raktres, Lord of Discounts",44533,2.49,CS,Fiery Confluence
BLB,213,N,1,"Raktres, Lord of Discounts",45714,0.1,TCG,Fireglass Mentor
MID,223,N,1,"Raktres, Lord of Discounts",44619,1.29,CK,"Florian, Voldaren Scion"
SOI,272,N,1,"Raktres, Lord of Discounts",44619,0.99,CK,Foreboding Ruins
IMA,237,N,1,"Raktres, Lord of Discounts",44903,6.63,TCG,Graven Cairns
BOK,107,N,1,"Raktres, Lord of Discounts",44856,2.46,TCG,Heartless Hidetsugu
M3C,57,N,1,"Raktres, Lord of Discounts",45540,2.19,TCG,Hideous Taskmaster
IMA,94,N,1,"Raktres, Lord of Discounts",44493,0.59,CK,Indulgent Tormentor
OTJ,259,N,1,"Raktres, Lord of Discounts",45415,0.15,TCG,Jagged Barrens
SCD,233,N,1,"Raktres, Lord of Discounts",45248,0.25,TCG,Kaervek the Merciless
ZNR,146,N,1,"Raktres, Lord of Discounts",44636,0.4,TCG,Kazuul's Fury // Kazuul's Cliffs
C21,42,N,1,"Raktres, Lord of Discounts",44619,1.29,CK,Keen Duelist
SHM,98,N,1,"Raktres, Lord of Discounts",44619,3.99,CK,Knollspine Dragon
2X2,239,N,1,"Raktres, Lord of Discounts",44767,4.47,TCG,Kolaghan's Command
J22,137,N,1,"Raktres, Lord of Discounts",44903,1.2,TCG,Leechridden Swamp
C19,217,N,1,"Raktres, Lord of Discounts",44619,9.99,CK,Lightning Greaves
ICE,146,N,1,"Raktres, Lord of Discounts",44856,0.2,TCG,Lim-Dul's Hex
RTR,99,N,1,"Raktres, Lord of Discounts",44533,0.25,CS,Lobber Crew
CLB,355,N,1,"Raktres, Lord of Discounts",44722,6.42,TCG,Luxury Suite
BBD,149,N,1,"Raktres, Lord of Discounts",44963,0.35,CK,Morbid Curiosity
HOU,104,N,1,"Raktres, Lord of Discounts",44636,15.95,TCG,"Neheb, the Eternal"
BFZ,131,N,1,"Raktres, Lord of Discounts",44533,0.25,CS,Nettle Drone
AFR,229,N,1,"Raktres, Lord of Discounts",44493,0.69,CK,"Orcus, Prince of Undeath"
INV,119,N,1,"Raktres, Lord of Discounts",44544,1.29,CK,Plague Spitter
SLD,496,N,1,"Raktres, Lord of Discounts",45220,7.99,TCG,Platinum Angel
NCC,39,N,1,"Raktres, Lord of Discounts",44729,1.64,TCG,Protection Racket
C17,190,N,1,"Raktres, Lord of Discounts",44493,0.47,CK,Rakdos Charm
MM3,225,N,1,"Raktres, Lord of Discounts",44493,1.29,CK,Rakdos Signet
CMR,532,F,1,"Raktres, Lord of Discounts",44533,3.39,CS,"Rakdos, Lord of Riots"
MKM,224,N,1,"Raktres, Lord of Discounts",45376,5.69,TCG,"Rakdos, Patron of Chaos"
ORI,250,N,1,"Raktres, Lord of Discounts",44533,0.35,CS,Rogue's Passage
IMA,106,N,1,"Raktres, Lord of Discounts",44533,6.99,CS,Rune-Scarred Demon
M21,120,N,1,"Raktres, Lord of Discounts",44533,0.75,CS,Sanctum of Stone Fangs
CMR,336,N,1,"Raktres, Lord of Discounts",44646,,CMR 1,Sandstone Oracle
VOC,181,N,1,"Raktres, Lord of Discounts",44533,0.49,CS,Shadowblood Ridge
DMC,233,N,1,"Raktres, Lord of Discounts",45047,7.49,TCG,"Shizo, Death's Storehouse"
M15,114,N,1,"Raktres, Lord of Discounts",44493,0.25,CK,Sign in Blood
JMP,363,N,1,"Raktres, Lord of Discounts",44678,0.49,CS,Sin Prodder
VOC,183,N,1,"Raktres, Lord of Discounts",44533,0.99,CS,Smoldering Marsh
C18,19,N,1,"Raktres, Lord of Discounts",44963,9.09,CK,Sower of Discord
RNA,85,N,1,"Raktres, Lord of Discounts",44533,2.49,CS,Spawn of Mayhem
RNA,117,N,1,"Raktres, Lord of Discounts",44505,,Packs 1,Spear Spewer
AFC,263,N,1,"Raktres, Lord of Discounts",44619,0.29,CK,Spinerock Knoll
C21,266,N,1,"Raktres, Lord of Discounts",45047,0.99,CS,Steel Hellkite
ELD,203,N,1,"Raktres, Lord of Discounts",44533,0.75,CS,Stormfist Crusader
DMU,256,N,1,"Raktres, Lord of Discounts",44906,2.99,CS,Sulfurous Springs
BLB,155,N,1,"Raktres, Lord of Discounts",45718,1.27,TCG,Sunspine Lynx
C14,275,N,1,"Raktres, Lord of Discounts",44493,1.59,CK,Swiftfoot Boots
VOC,184,N,1,"Raktres, Lord of Discounts",44533,0.49,CS,Tainted Peak
MRD,255,N,1,"Raktres, Lord of Discounts",44533,3.99,CS,Talisman of Indulgence
VOC,186,N,1,"Raktres, Lord of Discounts",44533,0.99,CS,Temple of Malice
RNA,213,N,1,"Raktres, Lord of Discounts",44561,0.35,CK,Theater of Horrors
MID,164,N,1,"Raktres, Lord of Discounts",44533,0.25,CS,Thermo-Alchemist
DGM,133,N,1,"Raktres, Lord of Discounts",45248,0.03,TCG,Toil // Trouble
2XM,110,N,1,"Raktres, Lord of Discounts",44735,16.36,TCG,Toxic Deluge
ZNR,173,N,1,"Raktres, Lord of Discounts",45248,0.09,TCG,Tuktuk Rubblefort
C15,170,N,1,"Raktres, Lord of Discounts",44533,4.49,CS,Vandalblast
BFZ,17,N,1,"Raktres, Lord of Discounts",44505,,Packs 1,Void Winnower
CMR,211,N,1,"Raktres, Lord of Discounts",44646,,CMR 1,Wheel of Misfortune
M3C,316,N,1,"Tuvasa, Prequel to Threevasa",45470,0.94,TCG,Adarkar Wastes
JMP,82,N,1,"Tuvasa, Prequel to Threevasa",45078,0.59,CK,Ajani's Chosen
ELD,2,N,1,"Tuvasa, Prequel to Threevasa",44770,0.99,CS,All That Glitters
GTC,114,N,1,"Tuvasa, Prequel to Threevasa",45173,2.79,CK,Alpha Authority
MH3,51,N,1,"Tuvasa, Prequel to Threevasa",45470,0.74,TCG,Amphibian Downpour
PLST,EMA-157,N,1,"Tuvasa, Prequel to Threevasa",45078,5.49,CK,Ancestral Mask
THB,3,N,1,"Tuvasa, Prequel to Threevasa",44922,0.69,TCG,Archon of Sun's Grace
EMA,195,N,1,"Tuvasa, Prequel to Threevasa",44922,0.48,TCG,Armadillo Cloak
CMR,11,N,1,"Tuvasa, Prequel to Threevasa",44646,,CMR 1,Armored Skyhunter
PLST,C15-60,N,1,"Tuvasa, Prequel to Threevasa",44780,4.27,TCG,Aura of Silence
ZNR,180,N,1,"Tuvasa, Prequel to Threevasa",44922,3,TCG,Bala Ged Recovery // Bala Ged Sanctuary
C18,131,N,1,"Tuvasa, Prequel to Threevasa",44922,5.01,TCG,Bear Umbra
OTJ,267,N,1,"Tuvasa, Prequel to Threevasa",45683,1.9,TCG,Botanical Sanctum
C18,170,N,1,"Tuvasa, Prequel to Threevasa",44922,0.45,TCG,"Bruna, Light of Alabaster"
BRO,259,N,1,"Tuvasa, Prequel to Threevasa",44922,1.25,CS,Brushland
MAT,26,F,1,"Tuvasa, Prequel to Threevasa",45068,5.15,TCG,"Calix, Guided by Fate"
NCC,389,N,1,"Tuvasa, Prequel to Threevasa",44922,0.58,TCG,Canopy Vista
ZNC,124,N,1,"Tuvasa, Prequel to Threevasa",44751,0.25,TCG,Command Tower
PLST,MBS-22,N,1,"Tuvasa, Prequel to Threevasa",44781,0.72,TCG,Corrupted Conscience
MID,260,N,1,"Tuvasa, Prequel to Threevasa",45628,3.1,TCG,Deserted Beach
THB,168,N,1,"Tuvasa, Prequel to Threevasa",45047,0.99,TCG,Destiny Spinner
WAR,193,N,1,"Tuvasa, Prequel to Threevasa",44780,4.12,TCG,Dovin's Veto
VOW,262,N,1,"Tuvasa, Prequel to Threevasa",45429,3.86,TCG,Dreamroot Cascade
NCC,197,N,1,"Tuvasa, Prequel to Threevasa",44780,0.55,TCG,Duelist's Heritage
LCI,54,N,1,"Tuvasa, Prequel to Threevasa",45628,0.25,TCG,Eaten by Piranhas
JOU,122,N,1,"Tuvasa, Prequel to Threevasa",44922,2.01,TCG,Eidolon of Blossoms
UMA,3,N,1,"Tuvasa, Prequel to Threevasa",44781,11.64,TCG,Eldrazi Conscription
MH2,283,N,1,"Tuvasa, Prequel to Threevasa",44922,0.99,CS,Enchantress's Presence
MMQ,78,N,1,"Tuvasa, Prequel to Threevasa",44922,0.27,TCG,Energy Flux
RTR,9,N,1,"Tuvasa, Prequel to Threevasa",44780,0.31,TCG,Ethereal Armor
NEO,13,N,1,"Tuvasa, Prequel to Threevasa",44849,6.97,TCG,Farewell
PCA,6,N,1,"Tuvasa, Prequel to Threevasa",44780,1.9,TCG,Felidar Umbra
AFC,158,N,1,"Tuvasa, Prequel to Threevasa",44922,0.25,TCG,Fertile Ground
TMP,19,N,1,"Tuvasa, Prequel to Threevasa",44922,3.95,TCG,Flickering Ward
M12,227,N,1,"Tuvasa, Prequel to Threevasa",44765,4.49,TCG,Glacial Fortress
VIS,6,N,1,"Tuvasa, Prequel to Threevasa",44797,0.25,CS,Gossamer Chains
C15,3,N,1,"Tuvasa, Prequel to Threevasa",44906,5.69,TCG,Grasp of Fate
MOC,16,N,1,"Tuvasa, Prequel to Threevasa",45068,5.25,TCG,Guardian Scalelord
VOW,17,N,1,"Tuvasa, Prequel to Threevasa",44922,6.49,TCG,Hallowed Haunting
THS,17,N,1,"Tuvasa, Prequel to Threevasa",44780,5.44,TCG,"Heliod, God of the Sun"
C18,151,N,1,"Tuvasa, Prequel to Threevasa",44922,1.68,TCG,Herald of the Pantheon
ALA,173,N,1,"Tuvasa, Prequel to Threevasa",44922,0.22,TCG,Hindering Light
DMR,248,N,1,"Tuvasa, Prequel to Threevasa",44922,3.99,CS,Hinterland Harbor
EMN,65,N,1,"Tuvasa, Prequel to Threevasa",44780,1.49,TCG,Imprisoned in the Moon
AKH,245,N,1,"Tuvasa, Prequel to Threevasa",44765,0.75,TCG,Irrigated Farmland
DMU,201,N,1,"Tuvasa, Prequel to Threevasa",45149,0.69,TCG,"Ivy, Gleeful Spellthief"
NEO,225,N,1,"Tuvasa, Prequel to Threevasa",44922,0.24,TCG,Jukai Naturalist
ELD,164,N,1,"Tuvasa, Prequel to Threevasa",44770,0.75,CS,Kenrith's Transformation
ROE,31,N,1,"Tuvasa, Prequel to Threevasa",44758,2.99,CS,Kor Spiritdancer
EMA,19,N,1,"Tuvasa, Prequel to Threevasa",44758,1.75,CS,Mesa Enchantress
THB,183,N,1,"Tuvasa, Prequel to Threevasa",44922,0.1225,CS,Nessian Wanderer
IMA,242,N,1,"Tuvasa, Prequel to Threevasa",44765,1.49,TCG,Nimbus Maze
C18,33,N,1,"Tuvasa, Prequel to Threevasa",44922,3.66,TCG,Nylea's Colossus
CMM,723,N,1,"Tuvasa, Prequel to Threevasa",45173,3.51,TCG,Ondu Spiritdancer
MID,265,N,1,"Tuvasa, Prequel to Threevasa",44922,5.04,TCG,Overgrown Farmland
AFC,256,N,1,"Tuvasa, Prequel to Threevasa",44765,0.22,TCG,Prairie Stream
C21,21,N,1,"Tuvasa, Prequel to Threevasa",44619,1.29,CK,Promise of Loyalty
CLB,730,N,1,"Tuvasa, Prequel to Threevasa",44780,3.73,TCG,Propaganda
AFC,167,N,1,"Tuvasa, Prequel to Threevasa",44922,0.94,TCG,Rancor
BLC,325,N,1,"Tuvasa, Prequel to Threevasa",45683,0.98,TCG,Razorverge Thicket
CMR,354,N,1,"Tuvasa, Prequel to Threevasa",45683,4.96,TCG,Rejuvenating Springs
FRF,23,N,1,"Tuvasa, Prequel to Threevasa",44922,0.25,CS,Sage's Reverie
MH2,171,N,1,"Tuvasa, Prequel to Threevasa",44922,2.07,TCG,Sanctum Weaver
M19,223,N,1,"Tuvasa, Prequel to Threevasa",44922,1.25,CS,Satyr Enchanter
AKH,247,N,1,"Tuvasa, Prequel to Threevasa",44922,3.49,CS,Scattered Groves
CLB,360,N,1,"Tuvasa, Prequel to Threevasa",44726,7.99,CS,Sea of Clouds
ONE,258,N,1,"Tuvasa, Prequel to Threevasa",45683,1.7,TCG,Seachrome Coast
NCC,425,N,1,"Tuvasa, Prequel to Threevasa",44922,0.25,TCG,Seaside Citadel
THB,198,N,1,"Tuvasa, Prequel to Threevasa",44922,4.18,TCG,Setessan Champion
SHM,242,N,1,"Tuvasa, Prequel to Threevasa",45047,0.95,TCG,Shield of the Oversoul
E02,4,N,1,"Tuvasa, Prequel to Threevasa",44780,3.25,TCG,Shielded by Faith
NEO,206,N,1,"Tuvasa, Prequel to Threevasa",45047,0.29,TCG,"Shigeki, Jukai Visionary"
J22,244,N,1,"Tuvasa, Prequel to Threevasa",44922,0.99,CS,Sigil of the Empty Throne
UMA,207,N,1,"Tuvasa, Prequel to Threevasa",44770,1.25,CS,Sovereigns of Lost Alara
C16,77,N,1,"Tuvasa, Prequel to Threevasa",44619,6.99,CK,Sphere of Safety
CMR,385,N,1,"Tuvasa, Prequel to Threevasa",44780,0.43,TCG,Spirit Mantle
SHM,150,N,1,"Tuvasa, Prequel to Threevasa",44780,3.34,TCG,Steel of the Godhead
MM3,25,N,1,"Tuvasa, Prequel to Threevasa",44922,2.92,TCG,Stony Silence
MH3,258,N,1,"Tuvasa, Prequel to Threevasa",45457,0.43,TCG,Strength of the Harvest // Haven of the Harvest
XLN,257,N,1,"Tuvasa, Prequel to Threevasa",44922,3.99,TCG,Sunpetal Grove
MH2,214,N,1,"Tuvasa, Prequel to Threevasa",44922,1.35,TCG,"Sythis, Harvest's Hand"
NEC,180,N,1,"Tuvasa, Prequel to Threevasa",44765,0.49,TCG,Temple of Enlightenment
SCD,327,N,1,"Tuvasa, Prequel to Threevasa",44922,0.31,TCG,Temple of Plenty
C18,47,F,1,"Tuvasa, Prequel to Threevasa",44922,2.99,TCG,Tuvasa the Sunlit
DSK,271,N,1,"Tuvasa, Prequel to Threevasa",45683,1.91,TCG,Valgavoth's Lair
VIS,48,N,1,"Tuvasa, Prequel to Threevasa",44922,0.25,TCG,Vanishing
MH1,249,N,1,"Tuvasa, Prequel to Threevasa",44922,3.29,TCG,Waterlogged Grove
DMR,184,N,1,"Tuvasa, Prequel to Threevasa",44922,0.25,CS,Wild Growth
CMR,392,N,1,"Tuvasa, Prequel to Threevasa",44765,0.19,TCG,Winds of Rath
ONS,122,N,1,"Tuvasa, Prequel to Threevasa",44988,3.99,CS,Words of Wind
DMU,261,N,1,"Tuvasa, Prequel to Threevasa",44922,0.69,TCG,Yavimaya Coast
C14,59,N,1,Vaevictis's Slot Machines,44701,5.99,CS,Arcane Lighthouse
ONE,158,N,1,Vaevictis's Slot Machines,45787,0.14,TCG,Armored Scrapgorger
CLB,779,N,1,Vaevictis's Slot Machines,45078,0.49,CK,Avatar of Slaughter
2XM,153,N,1,Vaevictis's Slot Machines,44544,3.49,CS,Awakening Zone
P30A,26,N,1,Vaevictis's Slot Machines,45764,2.99,TCG,Beast Whisperer
KHM,206,N,1,Vaevictis's Slot Machines,44864,0.49,TCG,Binding the Old Gods
SOM,224,N,1,Vaevictis's Slot Machines,45683,2.81,TCG,Blackcleave Cliffs
BRC,12,N,1,Vaevictis's Slot Machines,44922,1.13,TCG,Blast-Furnace Hellkite
OTJ,266,N,1,Vaevictis's Slot Machines,45683,4.25,TCG,Blooming Marsh
AFC,229,N,1,Vaevictis's Slot Machines,44544,1.49,CS,Cinder Glade
CMD,269,N,1,Vaevictis's Slot Machines,45800,0.49,TCG,Command Tower
FEM,83,N,1,Vaevictis's Slot Machines,44963,1.25,CK,Conch Horn
SOM,225,N,1,Vaevictis's Slot Machines,45683,3.99,TCG,Copperline Gorge
CMR,220,N,1,Vaevictis's Slot Machines,44646,,CMR 1,Court of Bounty
USG,179,N,1,Vaevictis's Slot Machines,44922,0.68,TCG,Crater Hellion
VOW,261,N,1,Vaevictis's Slot Machines,44765,6.02,TCG,Deathcap Glade
NCC,336,N,1,Vaevictis's Slot Machines,45185,0.5,TCG,Deathreap Ritual
KLD,73,N,1,Vaevictis's Slot Machines,44493,1.99,CK,Demon of Dark Schemes
NCC,247,N,1,Vaevictis's Slot Machines,45173,0.59,CK,Disciple of Bolas
M11,223,N,1,Vaevictis's Slot Machines,44619,4.39,CK,Dragonskull Summit
AFC,39,N,1,Vaevictis's Slot Machines,44767,3.97,TCG,Druid of Purification
TSR,342,N,1,Vaevictis's Slot Machines,44856,0.86,TCG,"Etali, Primal Storm"
P30A,12,F,1,Vaevictis's Slot Machines,45397,1,TCG,Eternal Witness
NEC,168,N,1,Vaevictis's Slot Machines,44751,0.24,TCG,Exotic Orchard
CMR,228,N,1,Vaevictis's Slot Machines,44646,,CMR 1,Fyndhorn Elves
MID,103,N,1,Vaevictis's Slot Machines,44544,1.49,CS,"Gisa, Glorious Resurrector"
BBD,201,N,1,Vaevictis's Slot Machines,45137,4.11,TCG,Greater Good
CLB,680,N,1,Vaevictis's Slot Machines,45068,1.19,TCG,Green Slime
C21,62,N,1,Vaevictis's Slot Machines,45149,0.69,TCG,Guardian Augmenter
P30A,20,F,1,Vaevictis's Slot Machines,45397,0.77,TCG,Harvester of Souls
MMQ,138,N,1,Vaevictis's Slot Machines,44790,3.49,CS,Haunted Crossroads
MID,263,N,1,Vaevictis's Slot Machines,45529,3.77,TCG,Haunted Ridge
FDN,61,N,1,Vaevictis's Slot Machines,45709,0.7,TCG,High-Society Hunter
OTJ,207,N,1,Vaevictis's Slot Machines,45653,0.69,TCG,Honest Rutstein
MH2,166,N,1,Vaevictis's Slot Machines,44790,3.35,TCG,Ignoble Hierarch
WAR,133,N,1,Vaevictis's Slot Machines,44561,6.79,CK,"Ilharg, the Raze-Boar"
10E,354,N,1,Vaevictis's Slot Machines,45424,4.26,TCG,Karplusan Forest
ARC,127,N,1,Vaevictis's Slot Machines,45220,0.43,TCG,Khalni Garden
C13,303,N,1,Vaevictis's Slot Machines,45800,0.64,TCG,Kher Keep
CMR,239,N,1,Vaevictis's Slot Machines,45137,3.5,TCG,Kodama of the East Tree
ELD,329,N,1,Vaevictis's Slot Machines,44544,15.99,CK,"Korvold, Fae-Cursed King"
C14,204,N,1,Vaevictis's Slot Machines,45800,0.53,TCG,Llanowar Elves
10E,355,N,1,Vaevictis's Slot Machines,45424,2,TCG,Llanowar Wastes
CLB,355,N,1,Vaevictis's Slot Machines,44722,6.42,TCG,Luxury Suite
AKH,175,N,1,Vaevictis's Slot Machines,44864,0.37,TCG,Manglehorn
MOC,256,N,1,Vaevictis's Slot Machines,45068,1.59,TCG,Massacre Wurm
WAR,204,N,1,Vaevictis's Slot Machines,44619,1.49,CK,Mayhem Devil
C18,209,N,1,Vaevictis's Slot Machines,44864,0.4,TCG,Mimic Vat
GTC,101,N,1,Vaevictis's Slot Machines,45068,0.89,TCG,Molten Primordial
CLB,242,N,1,Vaevictis's Slot Machines,44780,2.09,TCG,Monster Manual // Zoological Study
INR,388,N,1,Vaevictis's Slot Machines,45683,0.49,TCG,Morbid Opportunist
WOE,231,N,1,Vaevictis's Slot Machines,45185,1.13,TCG,Mosswood Dreadknight // Dread Whispers
BRC,110,N,1,Vaevictis's Slot Machines,45787,0.65,TCG,Noxious Gearhulk
MIC,127,N,1,Vaevictis's Slot Machines,44493,0.35,CK,Overseer of the Damned
CNS,191,N,1,Vaevictis's Slot Machines,45149,4.78,TCG,Pernicious Deed
THS,220,N,1,Vaevictis's Slot Machines,45137,0.25,TCG,Pyxis of Pandemonium
M21,224,N,1,Vaevictis's Slot Machines,44889,0.96,TCG,"Radha, Heart of Keld"
PW23,10,F,1,Vaevictis's Slot Machines,45800,0.55,TCG,Ravenous Chupacabra
TSR,366,N,1,Vaevictis's Slot Machines,45800,0.49,TCG,Reclamation Sage
CMR,248,N,1,Vaevictis's Slot Machines,44561,0.25,CK,Reclamation Sage
SNC,216,N,1,Vaevictis's Slot Machines,44922,0.22,TCG,Riveteers Ascendancy
MID,266,N,1,Vaevictis's Slot Machines,44722,0.98,TCG,Rockfall Vale
M13,228,N,1,Vaevictis's Slot Machines,45429,2.47,TCG,Rootbound Crag
C21,57,N,1,Vaevictis's Slot Machines,45718,0.75,TCG,Ruin Grinder
C16,164,N,1,Vaevictis's Slot Machines,44544,1.99,CS,Sakura-Tribe Elder
C13,317,N,1,Vaevictis's Slot Machines,45800,0.69,TCG,Savage Lands
SCD,106,N,1,Vaevictis's Slot Machines,44963,1.49,CK,Sepulchral Primordial
TSR,331,N,1,Vaevictis's Slot Machines,45800,0.49,TCG,Shriekmaw
AFC,262,N,1,Vaevictis's Slot Machines,44533,0.99,CS,Smoldering Marsh
DMR,331,N,1,Vaevictis's Slot Machines,44963,7.99,TCG,Sneak Attack
BRC,161,N,1,Vaevictis's Slot Machines,45800,0.61,TCG,Solemn Simulacrum
CLB,361,N,1,Vaevictis's Slot Machines,44722,5.59,TCG,Spire Garden
MH1,181,N,1,Vaevictis's Slot Machines,44544,0.25,CK,Springbloom Druid
NCC,276,N,1,Vaevictis's Slot Machines,45078,0.49,CK,Stalking Vengeance
10E,359,N,1,Vaevictis's Slot Machines,45424,4.49,TCG,Sulfurous Springs
C18,225,N,1,Vaevictis's Slot Machines,44963,0.79,CK,Swiftfoot Boots
THS,224,N,1,Vaevictis's Slot Machines,44864,0.32,TCG,Temple of Abandon
JOU,165,N,1,Vaevictis's Slot Machines,44864,0.5,TCG,Temple of Malady
BNG,164,N,1,Vaevictis's Slot Machines,44889,0.88,TCG,Temple of Malice
PLS,76,N,1,Vaevictis's Slot Machines,45800,0.19,TCG,Thunderscape Familiar
MH2,180,N,1,Vaevictis's Slot Machines,44544,1.79,CK,Tireless Provisioner
SOI,233,N,1,Vaevictis's Slot Machines,44619,5.99,CK,Tireless Tracker
EVE,180,N,1,Vaevictis's Slot Machines,45529,2.8,TCG,Twilight Mire
CMR,359,F,1,Vaevictis's Slot Machines,44646,,CMR 1,Undergrowth Stadium
M19,225,N,1,Vaevictis's Slot Machines,44963,1.49,CK,"Vaevictis Asmadi, the Dire"
ICE,277,N,1,Vaevictis's Slot Machines,44889,0.74,TCG,Wild Growth
P30A,5,F,1,Vaevictis's Slot Machines,45397,0.95,TCG,Wood Elves
NCC,322,N,1,Vaevictis's Slot Machines,44922,0.2,TCG,Woodfall Primus
DSC,326,N,1,Vaevictis's Slot Machines,45559,0.91,TCG,Woodland Cemetery
TSP,235,N,1,Vaevictis's Slot Machines,44864,0.23,TCG,Yavimaya Dryad
AFR,285,N,1,Vaevictis's Slot Machines,44493,7.99,CK,"Zariel, Archduke of Avernus"
KLD,192,N,1,"Vilis, Blood ATM",44814,13.99,TCG,Aetherflux Reservoir
C21,233,N,1,"Vilis, Blood ATM",44701,6.48,TCG,Alhammarret's Archive
FRF,62,N,1,"Vilis, Blood ATM",44533,4.99,CS,Archfiend of Depravity
2X2,70,N,1,"Vilis, Blood ATM",44828,1.39,TCG,Blood Artist
LGN,61,N,1,"Vilis, Blood ATM",44701,0.49,CS,Blood Celebrant
CMM,139,N,1,"Vilis, Blood ATM",45149,3.06,TCG,Bloodchief Ascension
ISD,89,N,1,"Vilis, Blood ATM",44493,1.49,CK,Bloodgift Demon
MIC,167,N,1,"Vilis, Blood ATM",44493,0.49,CK,Bojuka Bog
WAR,79,N,1,"Vilis, Blood ATM",44698,4.95,TCG,Bolas's Citadel
AKH,225,N,1,"Vilis, Blood ATM",44533,4.99,CS,Bontu's Monument
UDS,54,N,1,"Vilis, Blood ATM",44790,2.37,TCG,Bubbling Muck
MH2,301,N,1,"Vilis, Blood ATM",44716,16.78,TCG,Cabal Coffers
CLB,884,N,1,"Vilis, Blood ATM",44787,,Precon 1 Nalia,Castle Locthwain
CLB,121,N,1,"Vilis, Blood ATM",44884,0.1,TCG,Cloudkill
MH3,84,N,1,"Vilis, Blood ATM",45457,0.43,TCG,Consuming Corruption
J22,21,N,1,"Vilis, Blood ATM",44942,3.24,TCG,Creeping Bloodsucker
C14,139,N,1,"Vilis, Blood ATM",44698,8.9,TCG,Crypt Ghast
TMP,118,N,1,"Vilis, Blood ATM",45380,0.97,TCG,Dark Ritual
BLB,90,N,1,"Vilis, Blood ATM",45653,0.49,TCG,Darkstar Augur
MH1,86,N,1,"Vilis, Blood ATM",44703,0.33,TCG,Defile
DMU,90,N,1,"Vilis, Blood ATM",45078,0.49,CK,Defiler of Flesh
MH3,301,N,1,"Vilis, Blood ATM",45559,0.9,TCG,Deserted Temple
M13,88,N,1,"Vilis, Blood ATM",45101,0.27,TCG,Disciple of Bolas
M20,96,N,1,"Vilis, Blood ATM",44701,1.99,CS,Dread Presence
ALL,47,N,1,"Vilis, Blood ATM",44856,2.09,TCG,Dystopia
THS,85,N,1,"Vilis, Blood ATM",44698,7.89,TCG,"Erebos, God of the Dead"
THB,94,N,1,"Vilis, Blood ATM",44701,0.49,CS,Erebos's Intervention
IMA,89,N,1,"Vilis, Blood ATM",44701,0.25,CS,Eternal Thirst
2XM,255,N,1,"Vilis, Blood ATM",44701,1.49,CS,Expedition Map
CMM,638,N,1,"Vilis, Blood ATM",45149,1.18,TCG,Exsanguinate
ZNR,102,N,1,"Vilis, Blood ATM",44493,0.69,CK,Feed the Swarm
MH3,244,N,1,"Vilis, Blood ATM",45536,,Packs 2,Fell the Profane // Fell Mire
RNA,74,N,1,"Vilis, Blood ATM",44701,0.49,CS,Font of Agonies
MH1,92,N,1,"Vilis, Blood ATM",44701,1.24,TCG,Force of Despair
THS,89,N,1,"Vilis, Blood ATM",44889,0.67,TCG,Gray Merchant of Asphodel
CMM,167,N,1,"Vilis, Blood ATM",45157,6.88,TCG,Imp's Mischief
MID,107,N,1,"Vilis, Blood ATM",44493,1.99,CK,Infernal Grasp
MH3,346,N,1,"Vilis, Blood ATM",45474,8.03,TCG,Jet Medallion
C19,18,N,1,"Vilis, Blood ATM",44698,5.99,TCG,"K'rrik, Son of Yawgmoth"
C14,148,N,1,"Vilis, Blood ATM",44701,5.99,CS,Magus of the Coffers
ZNR,111,N,1,"Vilis, Blood ATM",44701,2.49,CS,Malakir Rebirth // Malakir Mire
MID,111,N,1,"Vilis, Blood ATM",44493,0.79,CK,Mask of Griselbrand
5DN,55,N,1,"Vilis, Blood ATM",44849,2.68,TCG,Night's Whisper
VOC,134,N,1,"Vilis, Blood ATM",44698,4.8,TCG,Nirkana Revenant
BRC,110,N,1,"Vilis, Blood ATM",44963,1.29,CK,Noxious Gearhulk
CLB,139,N,1,"Vilis, Blood ATM",45047,0.99,CS,Pact Weapon
M21,117,N,1,"Vilis, Blood ATM",44942,1.68,TCG,Peer into the Abyss
CC2,4,N,1,"Vilis, Blood ATM",45068,3.79,TCG,Phyrexian Arena
5DN,57,N,1,"Vilis, Blood ATM",45101,2.14,TCG,Plunge into Darkness
DDC,54,N,1,"Vilis, Blood ATM",45429,0.59,TCG,Promise of Power
C20,248,N,1,"Vilis, Blood ATM",44701,0.75,CS,Psychosis Crawler
THS,101,N,1,"Vilis, Blood ATM",44493,0.63,CK,Read the Bones
M13,227,N,1,"Vilis, Blood ATM",44701,2.99,CS,Reliquary Tower
ROE,125,N,1,"Vilis, Blood ATM",44701,1.09,TCG,Repay in Kind
C21,152,N,1,"Vilis, Blood ATM",44701,0.75,CS,Sangromancer
M15,114,N,1,"Vilis, Blood ATM",44701,0.25,CS,Sign in Blood
MH2,276,N,1,"Vilis, Blood ATM",44701,0.25,CS,Skirge Familiar
CC2,7,N,1,"Vilis, Blood ATM",45078,4.49,CK,Sol Ring
LCI,123,N,1,"Vilis, Blood ATM",45653,0.19,TCG,Starving Revenant
C21,44,N,1,"Vilis, Blood ATM",44703,4.27,TCG,Stinging Study
TSR,144,N,1,"Vilis, Blood ATM",44619,1.29,CK,Sudden Spoiling
2XM,327,N,1,"Vilis, Blood ATM",44701,1.25,CS,Thespian's Stage
CMR,346,N,1,"Vilis, Blood ATM",44646,,CMR 1,Thought Vessel
GTC,81,N,1,"Vilis, Blood ATM",45380,0.99,TCG,Thrull Parasite
CC2,6,N,1,"Vilis, Blood ATM",44717,14.99,TCG,Toxic Deluge
THB,119,N,1,"Vilis, Blood ATM",45047,0.25,CS,"Tymaret, Chosen from Death"
C21,273,N,1,"Vilis, Blood ATM",44701,2.99,CS,Venser's Journal
M20,122,N,1,"Vilis, Blood ATM",44533,5.99,CS,"Vilis, Broker of Blood"
M21,127,F,1,"Vilis, Blood ATM",44701,2.99,TCG,"Vito, Thorn of the Dusk Rose"
CLB,929,N,1,"Vilis, Blood ATM",45047,4.19,TCG,War Room
CLB,344,N,1,"Vilis, Blood ATM",44701,0.99,CS,Wayfarer's Bauble
THS,110,N,1,"Vilis, Blood ATM",44533,8.99,CS,Whip of Erebos
ELD,249,N,1,"Vilis, Blood ATM",44701,0.25,CS,Witch's Cottage
ZNR,132,N,1,"Vilis, Blood ATM",44922,0.1975,CS,Zof Consumption // Zof Bloodbog
ODY,70,N,1,"Vohar, Terrible Lifeguard",44963,1.59,CK,Careful Study
ECC,7,N,1,"Vohar, Terrible Lifeguard",46040,0.55,TCG,Aberrant Return
SNC,34,N,1,"Vohar, Terrible Lifeguard",45088,0.24,TCG,All-Seeing Arbiter
SNC,51,N,1,"Vohar, Terrible Lifeguard",44770,1.99,CS,An Offer You Can't Refuse
EMA,78,N,1,"Vohar, Terrible Lifeguard",45157,4.68,TCG,Animate Dead
VOC,102,N,1,"Vohar, Terrible Lifeguard",44780,1.97,TCG,Arcane Denial
MH2,75,N,1,"Vohar, Terrible Lifeguard",44680,15.99,CS,Archon of Cruelty
CLB,664,N,1,"Vohar, Terrible Lifeguard",45137,2.92,TCG,Astral Dragon
2X2,40,N,1,"Vohar, Terrible Lifeguard",45137,0.25,TCG,Body Double
MH3,243,N,1,"Vohar, Terrible Lifeguard",46040,1.15,TCG,Boggart Trawler // Boggart Bog
ONC,145,N,1,"Vohar, Terrible Lifeguard",44963,0.43,CK,Bojuka Bog
MOM,94,N,1,"Vohar, Terrible Lifeguard",45293,5.3,TCG,Breach the Multiverse
KHM,81,N,1,"Vohar, Terrible Lifeguard",44533,2.99,CS,Burning-Rune Demon
MH3,300,N,1,"Vohar, Terrible Lifeguard",45457,1.3,TCG,Cephalid Coliseum
BLC,110,N,1,"Vohar, Terrible Lifeguard",45559,0.1,TCG,Chart a Course
DMR,42,N,1,"Vohar, Terrible Lifeguard",45510,0.25,TCG,Circular Logic
BLB,86,N,1,"Vohar, Terrible Lifeguard",45653,0.21,TCG,Coiling Rebirth
NEC,167,N,1,"Vohar, Terrible Lifeguard",44619,0.39,CK,Command Tower
GRN,222,N,1,"Vohar, Terrible Lifeguard",45137,0.32,TCG,Connive // Concoct
MH2,267,N,1,"Vohar, Terrible Lifeguard",44780,1.68,TCG,Counterspell
FDN,34,N,1,"Vohar, Terrible Lifeguard",45628,0.14,TCG,Curator of Destinies
C19,110,N,1,"Vohar, Terrible Lifeguard",45415,0.15,TCG,Dark Withering
AFC,232,N,1,"Vohar, Terrible Lifeguard",44942,0.18,TCG,Darkwater Catacombs
C21,140,N,1,"Vohar, Terrible Lifeguard",45149,0.69,TCG,Deadly Tempest
KLD,73,N,1,"Vohar, Terrible Lifeguard",45149,1.21,TCG,Demon of Dark Schemes
USG,130,N,1,"Vohar, Terrible Lifeguard",45137,0.25,TCG,Diabolic Servitude
MH2,193,N,1,"Vohar, Terrible Lifeguard",45185,0.01,TCG,Dihada's Ploy
C21,120,N,1,"Vohar, Terrible Lifeguard",44942,0.5,TCG,Diluvian Primordial
2X2,322,N,1,"Vohar, Terrible Lifeguard",44963,0.35,CK,Dimir Aqueduct
GRN,69,N,1,"Vohar, Terrible Lifeguard",44780,5.8,TCG,Doom Whisperer
PLST,DDQ-55,N,1,"Vohar, Terrible Lifeguard",45078,0.35,CK,Dread Return
XLN,253,N,1,"Vohar, Terrible Lifeguard",45068,4.99,TCG,Drowned Catacomb
SNC,77,N,1,"Vohar, Terrible Lifeguard",44922,0.06,TCG,Dusk Mangler
C20,133,N,1,"Vohar, Terrible Lifeguard",45137,0.17,TCG,Ever After
USG,134,N,1,"Vohar, Terrible Lifeguard",45149,1.99,TCG,Exhume
ZNC,90,N,1,"Vohar, Terrible Lifeguard",45137,0.1,TCG,Extract from Darkness
SCD,77,N,1,"Vohar, Terrible Lifeguard",44922,0.37,TCG,Feed the Swarm
AKH,243,N,1,"Vohar, Terrible Lifeguard",45078,3.99,CK,Fetid Pools
DMR,51,N,1,"Vohar, Terrible Lifeguard",44942,0.6,TCG,Frantic Search
C19,246,N,1,"Vohar, Terrible Lifeguard",44963,0.88,TCG,Geier Reach Sanitarium
ZNR,60,N,1,"Vohar, Terrible Lifeguard",45089,2.51,TCG,Glasspool Mimic // Glasspool Shore
CMR,351,N,1,"Vohar, Terrible Lifeguard",44646,,CMR 1,Guildless Commons
IKO,221,N,1,"Vohar, Terrible Lifeguard",45173,0.49,CK,"Gyruda, Doom of Depths"
MH3,240,N,1,"Vohar, Terrible Lifeguard",45653,1.99,TCG,Hydroelectric Specimen // Hydroelectric Laboratory
C21,41,N,1,"Vohar, Terrible Lifeguard",44963,2.99,CK,Incarnation Technique
V14,8,F,1,"Vohar, Terrible Lifeguard",44963,5.59,CK,Living Death
40K,24,N,1,"Vohar, Terrible Lifeguard",45137,0.39,TCG,Lord of Change
GTC,71,N,1,"Vohar, Terrible Lifeguard",45380,5.89,TCG,Lord of the Void
LRW,124,N,1,"Vohar, Terrible Lifeguard",45137,0.34,TCG,Makeshift Mannequin
ZNR,111,N,1,"Vohar, Terrible Lifeguard",45319,4.52,TCG,Malakir Rebirth // Malakir Mire
ELD,247,N,1,"Vohar, Terrible Lifeguard",44770,0.79,CS,Mystic Sanctuary
RIX,45,N,1,"Vohar, Terrible Lifeguard",45149,3.21,TCG,"Nezahal, Primal Tide"
BRO,110,N,1,"Vohar, Terrible Lifeguard",45173,0.35,CK,Overwhelming Remorse
MH2,96,N,1,"Vohar, Terrible Lifeguard",44533,2.49,CS,Persist
CLB,908,N,1,"Vohar, Terrible Lifeguard",45078,0.35,CK,Port of Karfell
CC2,5,N,1,"Vohar, Terrible Lifeguard",44780,8,TCG,Reanimate
STX,51,N,1,"Vohar, Terrible Lifeguard",44942,0.7,TCG,Resculpt
LCI,282,N,1,"Vohar, Terrible Lifeguard",45248,0.54,TCG,Restless Reef
IMA,246,N,1,"Vohar, Terrible Lifeguard",45192,0.49,CK,River of Tears
JMP,14,N,1,"Vohar, Terrible Lifeguard",45137,0.19,TCG,Scholar of the Lost Trove
JOU,51,N,1,"Vohar, Terrible Lifeguard",45380,0.28,TCG,Scourge of Fleets
SCD,106,N,1,"Vohar, Terrible Lifeguard",44963,1.49,CK,Sepulchral Primordial
VOC,22,N,1,"Vohar, Terrible Lifeguard",44703,0.8,TCG,Shadowgrange Archfiend
40K,56,N,1,"Vohar, Terrible Lifeguard",45137,0.19,TCG,Shard of the Void Dragon
JMP,278,N,1,"Vohar, Terrible Lifeguard",45157,6.68,TCG,"Sheoldred, Whispering One"
MID,267,N,1,"Vohar, Terrible Lifeguard",45068,3.49,TCG,Shipwreck Marsh
FEM,43,N,1,"Vohar, Terrible Lifeguard",45137,0.34,TCG,Soul Exchange
CMR,99,N,1,"Vohar, Terrible Lifeguard",45137,2.18,TCG,Sphinx of the Second Sun
C18,104,N,1,"Vohar, Terrible Lifeguard",45137,0.08,TCG,Sphinx of Uthuun
MH3,230,N,1,"Vohar, Terrible Lifeguard",45457,1.4,TCG,Spymaster's Vault
C18,119,N,1,"Vohar, Terrible Lifeguard",45173,2.39,CK,Stitch Together
CLB,151,N,1,"Vohar, Terrible Lifeguard",45149,0.5,TCG,Summon Undead
AFC,265,N,1,"Vohar, Terrible Lifeguard",44922,0.26,TCG,Sunken Hollow
SNC,227,N,1,"Vohar, Terrible Lifeguard",45137,0.1,TCG,Tainted Indulgence
CLB,920,N,1,"Vohar, Terrible Lifeguard",44942,0.9,TCG,Tainted Isle
VOW,85,N,1,"Vohar, Terrible Lifeguard",44922,0.24,TCG,Thirst for Discovery
ECL,79,N,1,"Vohar, Terrible Lifeguard",46096,,Draft Lorwyn,Thirst for Identity
C13,62,N,1,"Vohar, Terrible Lifeguard",45149,0.69,TCG,Tidal Force
40K,168,N,1,"Vohar, Terrible Lifeguard",45068,2.19,TCG,Tomb Fortress
DDJ,76,N,1,"Vohar, Terrible Lifeguard",45149,0.89,TCG,Twilight's Call
M3C,400,N,1,"Vohar, Terrible Lifeguard",45727,3.55,TCG,Underground River
NCC,261,N,1,"Vohar, Terrible Lifeguard",44963,0.39,TCG,Victimize
DSK,122,N,1,"Vohar, Terrible Lifeguard",45653,0.1,TCG,Vile Mutilator
DMU,325,N,1,"Vohar, Terrible Lifeguard",45149,0.01,TCG,"Vohar, Vodalian Desecrator"
LCI,244,N,1,"Vohar, Terrible Lifeguard",45248,0.15,TCG,Wail of the Forgotten
TDC,31,N,1,"Vohar, Terrible Lifeguard",46040,1.77,TCG,Will of the Abzan
TDM,67,N,1,"Vohar, Terrible Lifeguard",46195,0.82,Mana Pool,Winternight Stories
MOC,271,N,1,"Vohar, Terrible Lifeguard",45149,0.5,TCG,Yawgmoth's Vile Offering
AFR,84,N,1,"Vohar, Terrible Lifeguard",44922,0.08,TCG,You Find the Villains' Lair
ODY,171,N,1,"Vohar, Terrible Lifeguard",45137,0.22,TCG,Zombify
ULG,121,N,1,"Wulfgar, the Pain-Harmonicon",45078,1.19,CK,Angel's Trumpet
CLB,162,N,1,"Wulfgar, the Pain-Harmonicon",44737,3.49,CS,Balor
C19,157,N,1,"Wulfgar, the Pain-Harmonicon",44561,1.79,CK,Beast Within
ZEN,159,N,1,"Wulfgar, the Pain-Harmonicon",44767,3.72,TCG,Beastmaster Ascension
C21,59,N,1,"Wulfgar, the Pain-Harmonicon",44758,0.99,CS,Blossoming Bogbeast
MH3,249,N,1,"Wulfgar, the Pain-Harmonicon",45457,0.54,TCG,Bridgeworks Battle // Tanglespan Bridgeworks
C15,34,N,1,"Wulfgar, the Pain-Harmonicon",45137,0.47,TCG,Caller of the Pack
VOW,191,N,1,"Wulfgar, the Pain-Harmonicon",44765,2.44,TCG,Cemetery Prowler
AFC,117,N,1,"Wulfgar, the Pain-Harmonicon",44770,1.49,CS,Chaos Warp
NEC,166,N,1,"Wulfgar, the Pain-Harmonicon",44765,0.57,TCG,Cinder Glade
MH3,147,N,1,"Wulfgar, the Pain-Harmonicon",45457,0.43,TCG,Collective Resistance
C21,284,N,1,"Wulfgar, the Pain-Harmonicon",44751,0.25,TCG,Command Tower
MKM,118,N,1,"Wulfgar, the Pain-Harmonicon",45470,0.23,TCG,Connecting the Dots
C19,159,N,1,"Wulfgar, the Pain-Harmonicon",44544,0.75,CS,Cultivate
AFR,138,N,1,"Wulfgar, the Pain-Harmonicon",44751,1.69,CS,"Delina, Wild Mage"
AFR,254,N,1,"Wulfgar, the Pain-Harmonicon",44906,4.15,TCG,Den of the Bugbear
PLST,LRW-256,N,1,"Wulfgar, the Pain-Harmonicon",44780,17.18,TCG,Dolmen Gate
BLB,132,N,1,"Wulfgar, the Pain-Harmonicon",46096,5,TCG,"Dragonhawk, Fate's Tempest"
CLB,790,N,1,"Wulfgar, the Pain-Harmonicon",44765,1.34,TCG,"Drakuseth, Maw of Flames"
CLB,657,F,1,"Wulfgar, the Pain-Harmonicon",45787,0.25,TCG,Durnan of the Yawning Portal
M21,179,N,1,"Wulfgar, the Pain-Harmonicon",44780,13.36,TCG,Elder Gargaroth
ORI,174,N,1,"Wulfgar, the Pain-Harmonicon",44942,4.2,TCG,Elemental Bond
MOC,37,N,1,"Wulfgar, the Pain-Harmonicon",45078,0.69,CK,Emergent Woodwurm
CLB,793,N,1,"Wulfgar, the Pain-Harmonicon",44751,0.22,TCG,"Etali, Primal Storm"
CMM,287,N,1,"Wulfgar, the Pain-Harmonicon",45764,1.19,TCG,Ezuri's Predation
NCC,59,N,1,"Wulfgar, the Pain-Harmonicon",44751,0.9,TCG,Family's Favor
C19,165,N,1,"Wulfgar, the Pain-Harmonicon",44765,1.87,TCG,Farseek
ARC,86,N,1,"Wulfgar, the Pain-Harmonicon",44864,0.98,TCG,Fires of Yavimaya
NCC,405,N,1,"Wulfgar, the Pain-Harmonicon",44765,0.3,TCG,Game Trail
AFC,159,N,1,"Wulfgar, the Pain-Harmonicon",44758,1.49,CS,Garruk's Uprising
CLB,178,N,1,"Wulfgar, the Pain-Harmonicon",45078,0.35,CK,Gnoll War Band
MH2,200,N,1,"Wulfgar, the Pain-Harmonicon",44750,0.25,CS,Goblin Anarchomancer
TDC,34,N,1,"Wulfgar, the Pain-Harmonicon",46040,2.63,TCG,Goldlust Triad
DOM,195,N,1,"Wulfgar, the Pain-Harmonicon",44751,0.78,TCG,Grand Warlord Radha
EMN,204,N,1,"Wulfgar, the Pain-Harmonicon",44906,3.99,CS,"Hanweir Battlements // Hanweir, the Writhing Township"
C17,138,N,1,"Wulfgar, the Pain-Harmonicon",45764,1.15,TCG,Hellkite Charger
AER,109,N,1,"Wulfgar, the Pain-Harmonicon",44770,12.99,CS,Heroic Intervention
LTR,241,N,1,"Wulfgar, the Pain-Harmonicon",45088,3.55,TCG,Horn of the Mark
NCC,269,N,1,"Wulfgar, the Pain-Harmonicon",44751,0.48,TCG,Inferno Titan
NCC,73,N,1,"Wulfgar, the Pain-Harmonicon",45101,1.25,TCG,"Jolene, the Plunder Queen"
CLB,186,N,1,"Wulfgar, the Pain-Harmonicon",44758,2.99,CS,"Karlach, Fury of Avernus"
DMU,250,N,1,"Wulfgar, the Pain-Harmonicon",44906,1.49,CS,Karplusan Forest
ZNR,146,N,1,"Wulfgar, the Pain-Harmonicon",45485,0.5,TCG,Kazuul's Fury // Kazuul's Cliffs
CLB,898,N,1,"Wulfgar, the Pain-Harmonicon",44780,0.44,TCG,Kessig Wolf Run
UMA,171,N,1,"Wulfgar, the Pain-Harmonicon",44544,2.49,CK,Kodama's Reach
IKO,162,N,1,"Wulfgar, the Pain-Harmonicon",44767,0.92,TCG,"Kogla, the Titan Ape"
WAR,137,N,1,"Wulfgar, the Pain-Harmonicon",44751,0.99,CS,"Krenko, Tin Street Kingpin"
PLST,C19-217,N,1,"Wulfgar, the Pain-Harmonicon",45068,7.99,TCG,Lightning Greaves
DFT,168,N,1,"Wulfgar, the Pain-Harmonicon",46096,1.24,Mana Pool,Lumbering Worldwagon
NCC,415,N,1,"Wulfgar, the Pain-Harmonicon",44765,0.35,TCG,Mosswort Bridge
PLST,DDD-17,N,1,"Wulfgar, the Pain-Harmonicon",44758,5.99,CS,Nature's Lore
ORI,190,N,1,"Wulfgar, the Pain-Harmonicon",44942,0.3,TCG,Nissa's Pilgrimage
C15,38,N,1,"Wulfgar, the Pain-Harmonicon",44765,11.98,TCG,Pathbreaker Ibex
J22,42,N,1,"Wulfgar, the Pain-Harmonicon",44903,2.55,TCG,Primeval Herald
TSR,259,N,1,"Wulfgar, the Pain-Harmonicon",44751,0.26,TCG,"Radha, Heir to Keld"
10E,225,N,1,"Wulfgar, the Pain-Harmonicon",44767,2.64,TCG,Relentless Assault
LCI,283,N,1,"Wulfgar, the Pain-Harmonicon",45248,0.45,TCG,Restless Ridgeline
AFC,168,N,1,"Wulfgar, the Pain-Harmonicon",44765,1.14,TCG,Return of the Wildspeaker
RNA,201,N,1,"Wulfgar, the Pain-Harmonicon",44751,3.99,CS,Rhythm of the Wild
AFC,170,N,1,"Wulfgar, the Pain-Harmonicon",44942,1.25,TCG,Rishkar's Expertise
MID,266,N,1,"Wulfgar, the Pain-Harmonicon",44735,1.34,TCG,Rockfall Vale
XLN,256,N,1,"Wulfgar, the Pain-Harmonicon",44735,4,TCG,Rootbound Crag
AFC,191,N,1,"Wulfgar, the Pain-Harmonicon",44758,0.59,CS,Savage Ventmaw
LCC,93,N,1,"Wulfgar, the Pain-Harmonicon",45800,0.95,TCG,Scion of Calamity
CMM,253,N,1,"Wulfgar, the Pain-Harmonicon",45137,1.86,TCG,Scourge of the Throne
ODY,220,N,1,"Wulfgar, the Pain-Harmonicon",44814,6.91,TCG,Seize the Day
CN2,71,N,1,"Wulfgar, the Pain-Harmonicon",44750,9.99,CS,Selvala's Stampede
AKH,248,N,1,"Wulfgar, the Pain-Harmonicon",44765,3.28,TCG,Sheltered Thicket
GPT,163,N,1,"Wulfgar, the Pain-Harmonicon",44767,0.94,TCG,"Skarrg, the Rage Pits"
CLB,361,N,1,"Wulfgar, the Pain-Harmonicon",44735,6.03,TCG,Spire Garden
DSC,29,N,1,"Wulfgar, the Pain-Harmonicon",46040,0.53,TCG,Star Athlete
RNA,259,N,1,"Wulfgar, the Pain-Harmonicon",44891,8.99,TCG,Stomping Ground
MH3,259,N,1,"Wulfgar, the Pain-Harmonicon",45457,0.27,TCG,Stump Stomp // Burnwillow Clearing
MH3,248,N,1,"Wulfgar, the Pain-Harmonicon",45787,0.9,TCG,Sundering Eruption // Volcanic Fissure
CLB,339,N,1,"Wulfgar, the Pain-Harmonicon",44751,1.16,TCG,Swiftfoot Boots
AFC,218,N,1,"Wulfgar, the Pain-Harmonicon",44780,6.23,TCG,Sword of the Animist
THB,158,N,1,"Wulfgar, the Pain-Harmonicon",44533,0.49,CS,Tectonic Giant
CMR,261,N,1,"Wulfgar, the Pain-Harmonicon",44758,3.49,CS,Three Visits
MOM,211,N,1,"Wulfgar, the Pain-Harmonicon",45047,6.49,TCG,Tribute to the World Tree
CLB,203,N,1,"Wulfgar, the Pain-Harmonicon",44758,0.25,CS,Two-Handed Axe // Sweeping Cleave
CLB,929,N,1,"Wulfgar, the Pain-Harmonicon",45047,4.19,TCG,War Room
AFR,211,N,1,"Wulfgar, the Pain-Harmonicon",44765,3.19,TCG,Werewolf Pack Leader
AFC,329,N,1,"Wulfgar, the Pain-Harmonicon",44751,2.99,CS,Wulfgar of Icewind Dale
2X2,166,N,,,,,,Abzan Charm
STX,262,N,,,,,,Access Tunnel
C14,63,N,,,,,,Adarkar Valkyrie
ECL,3,N,,,,,,Adept Watershaper
XLN,217,N,,,,,,Admiral Beckett Brass
E01,1,N,,,,,,Aegis Angel
CMR,365,F,,,,,,"Aesi, Tyrant of Gyre Strait"
TDC,25,N,,,,,,Afterlife from the Loam
SCD,6,N,,,,,,"Ajani, Caller of the Pride"
WAR,184,N,,,,,,"Ajani, the Greathearted"
C13,3,N,,,,,,Ajani's Pridemate
CMM,335,N,,,,,,"Akiri, Fearless Voyager"
A25,119,N,,,,,,"Akroma, Angel of Fury"
A25,2,N,,,,,,"Akroma, Angel of Wrath"
CMR,3,N,,,,,,Akroma's Will
DD2,21,N,,,,,,Ancestral Vision
CLB,367,N,,,,,,Ancient Brass Dragon
CLB,366,N,,,,,,Ancient Silver Dragon
ZNR,2,N,,,,,,Angel of Destiny
RNA,1,N,,,,,,Angel of Grace
C15,58,N,,,,,,Angel of Serenity
C14,1,N,,,,,,Angel of the Dire Hour
M20,4,N,,,,,,Angel of Vitality
CMA,4,N,,,,,,Angelic Arbiter
GTC,3,N,,,,,,Angelic Skirmisher
2X2,170,N,,,,,,Anguished Unmaking
M21,242,N,,,,,,Animal Sanctuary
2X2,171,N,,,,,,"Animar, Soul of Elements"
2X2,134,N,,,,,,Annoyed Altisaur
C15,41,N,,,,,,"Anya, Merciless Angel"
C19,31,N,,,,,,Apex Altisaur
CMR,217,N,,,,,,Apex Devastator
DDT,2,N,,,,,,Aquitect's Will
XLN,46,N,,,,,,Arcane Adaptation
C17,81,N,,,,,,Archaeomancer
C21,12,N,,,,,,Archaeomancer's Map
CMA,5,N,,,,,,Archangel of Strife
2XM,5,N,,,,,,Archangel of Thune
OTC,90,N,,,,,,Archmage Emeritus
NPH,27,N,,,,,,Argent Mutation
AFC,198,N,,,,,,Argentum Armor
ZEN,211,N,,,,,,Arid Mesa
DOM,44,N,,,,,,Artificer's Assistant
THS,40,N,,,,,,Artisan of Forms
2XM,310,N,,,,,,Ash Barrens
LCC,265,N,,,,,,Atzocan Seer
C13,30,N,,,,,,Augur of Bolas
2X2,179,N,,,,,,"Aurelia, the Warleader"
CLB,778,N,,,,,,Aurora Phoenix
IKO,144,N,,,,,,Auspicious Starrix
ISD,170,N,,,,,,Avacyn's Pilgrim
2XM,152,N,,,,,,Avenger of Zendikar
CMR,269,N,,,,,,"Averna, the Chaos Bloom"
KHM,250,N,,,,,,Axgard Armory
MH1,79,N,,,,,,Azra Smokeshaper
C17,2,N,,,,,,"Balan, Wandering Knight"
2XM,191,N,,,,,,Baleful Strix
M10,4,N,,,,,,Baneslayer Angel
CMA,174,N,,,,,,"Basandra, Battle Seraph"
CLB,300,N,,,,,,Basilisk Collar
BLC,179,N,,,,,,Bastion of Remembrance
CLB,9,N,,,,,,Battle Angels of Tyr
LCC,127,N,,,,,,Bellowing Aegisaur
BLC,192,N,,,,,,Berserkers' Onslaught
FUT,80,N,,,,,,Bitter Ordeal
BRR,6,N,,,,,,Blackblade Reforged
MH2,6,N,,,,,,Blacksmith's Skill
DSK,256,N,,,,,,Blazemire Verge
DFT,250,N,,,,,,Bleachbone Verge
BOK,62,N,,,,,,Blessing of Leeches
RTR,238,N,,,,,,Blood Crypt
2X2,184,N,,,,,,Bloodbraid Elf
KTK,230,N,,,,,,Bloodstained Mire
BLB,396,N,,,,,,Blossoming Sands
A25,44,N,,,,,,Blue Sun's Zenith
CMR,163,N,,,,,,Boarding Party
J22,504,N,,,,,,Bolt Hound
CMM,988,N,,,,,,Bonders' Enclave
IKO,178,N,,,,,,Boneyard Lurker
CLB,348,N,,,,,,Bountiful Promenade
THS,153,N,,,,,,Bow of Nylea
2XM,44,N,,,,,,Brainstorm
ZNR,258,N,,,,,,Branchloft Pathway // Boulderloft Pathway
CM2,133,N,,,,,,Brawn
VOC,31,N,,,,,,Breathkeeper Seraph
CMR,165,N,,,,,,"Breeches, Brazen Plunderer"
THB,210,N,,,,,,Bronzehide Lion
DFT,7,N,,,,,,Bulwark Ox
XLN,135,N,,,,,,Burning Sun's Avatar
GRN,157,N,,,,,,Camaraderie
DMC,120,N,,,,,,Captain Lannery Storm
CMR,273,N,,,,,,Captain Vargus Wrath
C20,144,N,,,,,,Captivating Crew
CLB,885,N,,,,,,Castle Vantress
ELD,81,N,,,,,,Cauldron Familiar
SHM,31,N,,,,,,Cerulean Wisps
BLC,164,N,,,,,,Chasm Skulker
J22,281,N,,,,,,Chilling Trap
IKO,80,N,,,,,,Chittering Harvester
BRO,233,N,,,,,,Cityscape Leveler
5DN,110,N,,,,,,Clock of Omens
CLU,82,N,,,,,,Cloudkin Seer
CMR,169,N,,,,,,Coercive Recruiter
2X2,194,N,,,,,,Coiling Oracle
TDC,50,N,,,,,,Colossal Grave-Reaver
AFC,154,N,,,,,,Colossal Majesty
AFC,202,N,,,,,,Colossus Hammer
C15,56,N,,,,,,Command Beacon
40K,233,N,,,,,,Commander's Sphere
MKM,259,N,,,,,,Commercial District
AKH,211,N,,,,,,Commit // Memory
CMM,739,N,,,,,,Composer of Spring
OTJ,268,N,,,,,,Concealed Courtyard
2X2,195,N,,,,,,Conclave Mentor
HOU,149,N,,,,,,Consign // Oblivion
LCC,12,N,,,,,,Contest of Claws
KLD,177,N,,,,,,Contraband Kingpin
DRC,50,N,,,,,,Corpse Knight
FDN,506,N,,,,,,Corsair Captain
2XM,80,N,,,,,,Costly Plunder
2XM,12,N,,,,,,Crib Swap
E02,45,N,,,,,,Crumbling Necropolis
MRD,159,N,,,,,,Crystal Shard
IKO,7,N,,,,,,Cubwarden
MH1,45,N,,,,,,Cunning Evasion
ALA,69,N,,,,,,Cunning Lethemancer
C16,63,N,,,,,,Custodi Soulbinders
TDM,253,N,,,,,,Dalkovan Encampment
CMM,20,N,,,,,,"Danitha Capashen, Paragon"
DMU,15,N,,,,,,"Danitha, Benalia's Hope"
CMR,64,N,,,,,,Daring Saboteur
KHM,254,N,,,,,,Darkbore Pathway // Slitherbore Pathway
DSC,269,N,,,,,,Darkmoss Bridge
OTC,281,N,,,,,,Darkslick Shores
2X2,304,N,,,,,,Darksteel Plate
E02,2,N,,,,,,Day of Judgment
RIX,155,N,,,,,,Deadeye Brawler
XLN,220,N,,,,,,Deadeye Plunderers
LCC,236,N,,,,,,Deathgorge Scavenger
C13,72,N,,,,,,Decree of Pain
SOC,25,N,,,,,,Defiling Daemogoth
JMP,149,N,,,,,,Departed Deckhand
AVR,48,N,,,,,,Devastation Tide
C21,119,N,,,,,,Dig Through Time
PC2,86,N,,,,,,Dimir Infiltrator
XLN,221,N,,,,,,Dire Fleet Captain
RIX,156,N,,,,,,Dire Fleet Neckbreaker
RIX,68,N,,,,,,Dire Fleet Poisoner
CLB,749,N,,,,,,Dire Fleet Ravager
IKO,84,N,,,,,,Dirge Bat
GRN,223,N,,,,,,Discovery // Dispersal
GRN,167,N,,,,,,Disinformation Campaign
CMM,846,N,,,,,,Distant Melody
FDN,588,N,,,,,,Dive Down
BLC,98,N,,,,,,"Domri, Anarch of Bolas"
XLN,235,N,,,,,,Dowsing Dagger // Lost Vale
TSP,57,N,,,,,,Draining Whelk
CMM,866,N,,,,,,Dreadhorde Invasion
6ED,66,N,,,,,,Dream Cache
MRD,34,N,,,,,,Dream's Grip
MH2,39,N,,,,,,Dress Down
2X2,206,N,,,,,,Dromoka's Command
CLB,842,N,,,,,,Drown in the Loch
INV,245,N,,,,,,Dueling Grounds
C16,194,N,,,,,,Duneblast
IKO,184,N,,,,,,Eerie Ultimatum
NEO,268,N,,,,,,"Eiganjo, Seat of the Empire"
MKM,260,N,,,,,,Elegant Parlor
MIC,3,N,,,,,,"Eloise, Nephalia Sleuth"
10E,262,N,,,,,,Elvish Piper
FDN,104,N,,,,,,Elvish Regrower
ELD,120,N,,,,,,Embercleave
OTC,28,N,,,,,,Embrace the Unknown
DSK,95,N,,,,,,Enduring Tenacity
5ED,84,N,,,,,,Enervate
DDT,5,N,,,,,,Engulf the Shore
GRN,40,N,,,,,,Enhanced Surveillance
J22,291,N,,,,,,Erdwal Illuminator
H2R,2,N,,,,,,Esper Sentinel
INR,64,N,,,,,,Essence Flux
IKO,149,N,,,,,,Essence Symbiote
C15,217,N,,,,,,Etherium-Horn Sorcerer
10E,83,N,,,,,,Evacuation
C16,22,N,,,,,,Evolutionary Escalation
C14,195,N,,,,,,"Ezuri, Renegade Leader"
H1R,8,F,,,,,,Faerie Seer
MH1,199,N,,,,,,Fallen Shinobi
LRW,64,N,,,,,,Familiar's Ruse
MH3,153,N,,,,,,Fangs of Kalonia
LCC,197,N,,,,,,Fathom Fleet Captain
M21,180,N,,,,,,Feline Sovereign
VIS,129,N,,,,,,Femeref Enchantress
WOE,169,N,,,,,,Feral Encounter
ARC,54,N,,,,,,Fertilid
E01,8,N,,,,,,Fiendslayer Paladin
CMR,178,N,,,,,,Fiery Cannonade
AFR,222,N,,,,,,Fighter Class
2XM,317,N,,,,,,Fire-Lit Thicket
GK1,89,N,,,,,,Firemane Avenger
CMR,179,N,,,,,,Flamekin Herald
C20,26,N,,,,,,Flawless Maneuver
AVR,53,N,,,,,,Fleeting Distraction
ELD,46,N,,,,,,Folio of Fancies
CMR,69,N,,,,,,Forceful Denial
RIX,72,N,,,,,,Forerunner of the Coalition
RIX,102,N,,,,,,Forerunner of the Empire
KHM,211,N,,,,,,Forging the Tyrite Sword
ARC,57,N,,,,,,Forgotten Ancient
AFC,239,N,,,,,,Fortified Village
40K,281,N,,,,,,Frontier Bivouac
LTC,38,N,,,,,,Galadhrim Ambush
LTC,500,N,,,,,,Galadriel's Dismissal
ECL,257,N,,,,,,Gathering Stone
C20,276,N,,,,,,Gavony Township
IKO,155,N,,,,,,Gemrazer
IKO,189,N,,,,,,Genesis Ultimatum
BLC,220,N,,,,,,"Ghalta, Primal Hunger"
AVR,57,N,,,,,,Ghostly Flicker
SNC,14,N,,,,,,"Giada, Font of Hope"
MH3,156,N,,,,,,Gift of the Viper
GPT,26,N,,,,,,Gigadrowse
ELD,219,N,,,,,,Gingerbrute
LCI,229,N,,,,,,"Gishath, Sun's Avatar"
ONE,202,N,,,,,,Glissa Sunslayer
DSK,260,N,,,,,,Gloomlake Verge
LGN,15,N,,,,,,Glowrider
2X2,220,N,,,,,,Glowspore Shaman
IKO,156,N,,,,,,Glowstone Recluse
CLB,275,N,,,,,,"Gluntch, the Bestower"
2XM,128,N,,,,,,"Godo, Bandit Warlord"
BRC,186,N,,,,,,Goldmire Bridge
J22,550,N,,,,,,Goldspan Dragon
FDN,253,N,,,,,,Goldvein Pick
XLN,13,N,,,,,,Goring Ceratops
AFR,60,N,,,,,,"Grazilaxx, Illithid Scholar"
MIR,265,N,,,,,,Grim Feast
C20,216,N,,,,,,Growth Spiral
AFC,207,N,,,,,,Gruul Signet
DTK,56,N,,,,,,Gudul Lurker
AFC,244,N,,,,,,Halimar Depths
MH1,241,N,,,,,,Hall of Heliod's Generosity
KHM,15,N,,,,,,"Halvar, God of Battle // Sword of the Realms"
2XM,260,N,,,,,,Hammer of Nazahn
2X2,151,N,,,,,,Hardened Scales
ARC,59,N,,,,,,Harmonize
KHM,98,N,,,,,,Haunting Voyage
M13,19,N,,,,,,Healer of the Pride
TDC,218,N,,,,,,Hellkite Courser
AVR,24,N,,,,,,Herald of War
EMA,171,N,,,,,,Heritage Druid
DGM,12,N,,,,,,Hidden Strings
2XM,321,N,,,,,,High Market
DMR,54,N,,,,,,High Tide
AKH,282,N,,,,,,Highland Lake
C13,295,N,,,,,,Homeward Path
WOE,95,N,,,,,,Hopeless Nightmare
2X2,227,N,,,,,,Hostage Taker
C17,31,N,,,,,,Hungry Lynx
E01,66,N,,,,,,Hunter's Prowess
IKO,16,N,,,,,,Huntmaster Liger
DSK,261,N,,,,,,Hushwood Verge
J22,89,N,,,,,,Hydra's Growth
BLC,277,N,,,,,,Idol of Oblivion
GN3,5,F,,,,,,"Imaryll, Elfhame Elite"
CMR,280,N,,,,,,"Imoti, Celebrant of Bounty"
DTK,140,N,,,,,,Impact Tremors
MH1,14,N,,,,,,Impostor of the Sixth Pride
C16,113,N,,,,,,In Garruk's Wake
H1R,28,F,,,,,,Ingenious Infiltrator
OTJ,91,N,,,,,,Insatiable Avarice
IKO,93,N,,,,,,Insatiable Hemophage
DSC,186,N,,,,,,Inscription of Abundance
AER,160,N,,,,,,Inspiring Statuary
2X2,326,N,,,,,,Izzet Boilerworks
BLC,278,N,,,,,,Izzet Signet
C19,88,N,,,,,,Jace's Sanctum
DBL,108,N,,,,,,"Jadar, Ghoulcaller of Nephalia"
C15,223,N,,,,,,"Jarad, Golgari Lich Lord"
RTR,175,N,,,,,,Jarad's Orders
C17,153,N,,,,,,Jedit Ojanen of Efrava
SNC,250,N,,,,,,Jetmir's Garden
HML,29,N,,,,,,Jinx
MIR,70,N,,,,,,Jolt
C14,203,N,,,,,,Joraga Warcaller
BLC,313,N,,,,,,Jungle Hollow
ALA,226,N,,,,,,Jungle Shrine
BLC,169,N,,,,,,Junk Winder
C13,300,N,,,,,,Jwar Isle Refuge
IKO,224,N,,,,,,"Kaheera, the Orphanguard"
CMM,958,N,,,,,,Kaldra Compleat
MOM,196,N,,,,,,Kami of Whispered Hopes
AER,87,N,,,,,,"Kari Zev, Skyship Raider"
AFC,68,N,,,,,,Karmic Guide
DOM,55,N,,,,,,Karn's Temporal Sundering
PLC,152,N,,,,,,Keen Sense
ELD,163,N,,,,,,Keeper of Fables
JMP,15,N,,,,,,"Kels, Fight Fixer"
ZNR,192,N,,,,,,Khalni Ambush // Khalni Territory
C17,17,N,,,,,,Kheru Mind-Eater
H1R,4,F,,,,,,King of the Pride
XLN,18,N,,,,,,Kinjalli's Caller
LCC,130,N,,,,,,Kinjalli's Sunwing
THB,52,N,,,,,,Kiora Bests the Sea God
M21,107,N,,,,,,Kitesail Freebooter
AFC,50,F,,,,,,"Klauth, Unrivaled Ancient"
DDG,14,N,,,,,,Knight Exemplar
RIX,138,N,,,,,,Knight of the Stampede
ALA,16,N,,,,,,Knight of the White Orchid
AFR,226,N,,,,,,Krydle of Baldur's Gate
LCI,232,N,,,,,,"Kutzil, Malamet Exemplar"
CON,9,N,,,,,,Lapse of Certainty
OTJ,215,N,,,,,,Laughing Jasper Flint
WAR,59,N,,,,,,Lazotep Plating
DMU,167,N,,,,,,Leaf-Crowned Visionary
STH,35,N,,,,,,Leap
2X2,16,N,,,,,,Leonin Arbiter
J22,208,N,,,,,,Leonin Warleader
AER,162,N,,,,,,Lifecrafter's Bestiary
M13,97,N,,,,,,Liliana of the Dark Realms
M19,106,N,,,,,,"Liliana, Untouched by Death"
JMP,119,N,,,,,,"Linvala, Keeper of Silence"
NEO,26,N,,,,,,Lion Sash
DSK,107,N,,,,,,Live or Die
DDH,5,N,,,,,,Loam Lion
J22,316,N,,,,,,Lookout's Dispersal
10E,155,N,,,,,,Lord of the Undead
IMA,174,N,,,,,,Lotus Cobra
10E,332,N,,,,,,Loxodon Warhammer
AFR,23,N,,,,,,Loyal Warhound
CMR,322,N,,,,,,Maelstrom Colossus
PC2,101,N,,,,,,Maelstrom Wanderer
ARB,57,N,,,,,,Mage Slayer
LCC,131,N,,,,,,Majestic Heliopterus
NCC,37,N,,,,,,Make an Example
CMR,79,N,,,,,,"Malcolm, Keen-Eyed Navigator"
C19,4,N,,,,,,Mandate of Peace
LCC,228,N,,,,,,Marauding Raptor
XLN,112,N,,,,,,March of the Drowned
2X2,248,N,,,,,,"Marchesa, the Black Rose"
MH3,100,N,,,,,,Marionette Apprentice
C19,46,F,,,,,,"Marisi, Breaker of the Coil"
ZEN,219,N,,,,,,Marsh Flats
KHM,184,N,,,,,,Masked Vandal
DDT,1,F,,,,,,Master of Waves
ALA,179,N,,,,,,Mayael the Anima
SOC,27,N,,,,,,Merchant of Venom
CMR,81,N,,,,,,Merchant Raiders
DMC,135,N,,,,,,Migration Path
IKO,165,N,,,,,,Migratory Greathorn
C17,181,N,,,,,,Mirari's Wake
M21,57,N,,,,,,Miscast
CNS,102,N,,,,,,Misdirection
BOK,43,N,,,,,,Mistblade Shinobi
M19,310,N,,,,,,Mist-Cloaked Herald
MH1,58,N,,,,,,Mist-Syndicate Naga
BRC,189,N,,,,,,Mistvault Bridge
RTR,45,N,,,,,,Mizzium Skin
MH1,59,N,,,,,,Moonblade Shinobi
TSP,68,N,,,,,,Moonlace
ZNR,300,N,,,,,,"Moraug, Fury of Akoum"
BBD,83,N,,,,,,Morphic Pool
DMC,161,N,,,,,,Mortify
2X2,60,N,,,,,,Mulldrifter
KTK,81,N,,,,,,Murderous Cut
C20,118,N,,,,,,Murmuring Mystic
40K,285,N,,,,,,Myriad Landscape
IKO,97,N,,,,,,Mythos of Nethroi
BLC,76,N,,,,,,"Narset, Parter of Veils"
CLB,829,N,,,,,,Natural Reclamation
ALA,180,N,,,,,,Naya Charm
VIS,64,N,,,,,,Necromancy
IKO,196,N,,,,,,Necropanther
AER,40,N,,,,,,Negate
DMC,163,N,,,,,,"Nethroi, Apex of Death"
AKH,212,N,,,,,,Never // Return
BOK,44,N,,,,,,Ninja of the Deep Hours
KLD,163,N,,,,,,"Nissa, Vital Force"
CLB,35,N,,,,,,Noble Heritage
GRN,193,N,,,,,,Notion Rain
DSK,111,N,,,,,,Nowhere to Run
THS,166,N,,,,,,"Nylea, God of the Hunt"
THB,185,N,,,,,,"Nylea, Keen-Eyed"
C20,226,N,,,,,,Nyx Weaver
C20,61,N,,,,,,Obscuring Haze
BOK,76,N,,,,,,Okiba-Gang Shinobi
DBL,234,N,,,,,,Old Stickfingers
SOC,28,N,,,,,,Ominous Harvest
BFZ,217,N,,,,,,"Omnath, Locus of Rage"
SCG,125,N,,,,,,One with Nature
10E,336,N,,,,,,Ornithopter
KHM,70,N,,,,,,"Orvar, the All-Form"
C16,3,N,,,,,,Orzhov Advokist
C13,312,N,,,,,,Orzhov Guildgate
LCC,229,N,,,,,,Otepec Huntmaster
DBL,67,N,,,,,,Otherworldly Gaze
M21,29,N,,,,,,Pack Leader
EXO,93,N,,,,,,Pandemonium
NEM,17,N,,,,,,Parallax Wave
UDS,115,N,,,,,,Pattern of Rebirth
C17,120,N,,,,,,Pawn of Ulamog
BBD,128,N,,,,,,Peregrine Drake
RAV,217,N,,,,,,Perplex
J25,345,N,,,,,,Phantom Ninja
C17,188,N,,,,,,Phantom Nishoba
ZNR,234,N,,,,,,"Phylath, World Sculptor"
INV,306,N,,,,,,Phyrexian Altar
MH3,303,N,,,,,,Phyrexian Tower
2X2,120,N,,,,,,Pirate's Pillage
DMU,252,N,,,,,,Plaza of Heroes
WAR,210,N,,,,,,Pledge of Unity
THB,224,N,,,,,,"Polukranos, Unchained"
C18,96,N,,,,,,Ponder
2XM,62,N,,,,,,Pongify
CMR,193,N,,,,,,Port Razer
CMR,38,N,,,,,,Prava of the Steel Legion
LCI,113,N,,,,,,Preacher of the Schism
OTC,147,N,,,,,,Predators' Hour
EXO,117,N,,,,,,Predatory Hunger
GRN,83,N,,,,,,Price of Fame
HOU,126,N,,,,,,Pride Sovereign
J22,711,N,,,,,,Pridemalkin
CLB,909,N,,,,,,Prismari Campus
RIX,167,N,,,,,,Protean Raider
XLN,244,N,,,,,,Prying Blade
2XM,26,N,,,,,,Puresteel Paladin
BLC,257,N,,,,,,Putrefy
2X2,267,N,,,,,,Qasali Pridemage
C17,33,N,,,,,,Qasali Slingers
IKO,201,N,,,,,,Quartzwood Crasher
GRN,51,N,,,,,,Quasiduplicate
JMP,455,N,,,,,,Raging Regisaur
LCC,283,N,,,,,,Raging Swordtooth
C13,164,N,,,,,,Rampaging Baloths
CMM,315,N,,,,,,Rampaging Brontodon
10E,288,N,,,,,,Rampant Growth
GN2,49,N,,,,,,Ranging Raptors
MKM,266,N,,,,,,Raucous Theater
CMM,181,N,,,,,,"Razaketh, the Foulblooded"
AFC,109,N,,,,,,Reassembling Skeleton
IKO,65,N,,,,,,Reconnaissance Mission
CLB,733,N,,,,,,Reflections of Littjara
AKH,24,N,,,,,,Regal Caracal
LCC,286,N,,,,,,Regisaur Alpha
LTR,26,N,,,,,,Reprieve
OTJ,26,N,,,,,,Requisition Raid
THS,102,N,,,,,,Rescue from the Underworld
2X2,26,N,,,,,,Reveillark
J22,234,N,,,,,,Righteous Valkyrie
M21,278,N,,,,,,"Rin and Seri, Inseparable"
GN2,50,N,,,,,,Ripjaw Raptor
MH2,58,N,,,,,,Rise and Shine
AFC,11,N,,,,,,Robe of Stars
10E,292,N,,,,,,Root Maze
GNT,3,N,,,,,,Rot Hulk
BLB,107,N,,,,,,Rottenmouth Viper
MIC,28,N,,,,,,Ruinous Intrusion
LCC,256,N,,,,,,Runic Armasaur
GTC,245,N,,,,,,Sacred Foundry
TSP,245,N,,,,,,Saffi Eriksdotter
8ED,97,N,,,,,,Sage of Lat-Nam
10E,104,N,,,,,,Sage Owl
CMR,90,N,,,,,,Sakashima's Protege
C16,320,N,,,,,,Sandsteppe Citadel
BNG,81,N,,,,,,Sanguimancy
BNG,136,N,,,,,,Satyr Wayfinder
CMM,252,N,,,,,,Savage Beating
IKO,253,N,,,,,,Savai Triome
C20,64,N,,,,,,Sawtusk Demolisher
CMR,93,N,,,,,,Scholar of the Ages
CLB,42,N,,,,,,Sculpted Sunburst
NCC,310,N,,,,,,Scute Swarm
J25,24,N,,,,,,Scythecat Cub
C14,124,N,,,,,,Sea Gate Oracle
CMM,1030,N,,,,,,Secluded Courtyard
BLC,123,N,,,,,,Second Harvest
BLC,152,N,,,,,,Secret Rendezvous
10E,296,N,,,,,,Seedborn Muse
FDN,546,N,,,,,,Seize the Spoils
ZNR,37,N,,,,,,Sejiri Shelter // Sejiri Glacier
DDG,36,N,,,,,,Sejiri Steppe
2X2,330,N,,,,,,Selesnya Sanctuary
C13,257,N,,,,,,Selesnya Signet
NEO,35,N,,,,,,Selfless Samurai
M21,36,N,,,,,,Selfless Savior
C16,220,N,,,,,,"Selvala, Explorer Returned"
CMM,54,N,,,,,,"Sephara, Sky's Blade"
AVR,228,N,,,,,,Seraph Sanctuary
TMP,86,N,,,,,,Shadow Rift
LTC,353,N,,,,,,Shadowspear
MKM,268,N,,,,,,Shadowy Backstreet
DOM,35,N,,,,,,"Shalai, Voice of Plenty"
AFR,119,N,,,,,,Shambling Ghast
EMA,206,N,,,,,,Shardless Agent
C20,158,N,,,,,,Shared Animosity
MH1,28,N,,,,,,Shelter
DMU,107,N,,,,,,"Sheoldred, the Apocalypse"
LRW,39,N,,,,,,Shields of Velis Vel
LCC,258,N,,,,,,Shifting Ceratops
BRC,95,N,,,,,,Shimmer Dragon
APC,30,N,,,,,,Shimmering Mirage
CHK,282,N,,,,,,"Shinka, the Bloodsoaked Keep"
CMM,119,N,,,,,,Shipwreck Dowser
10E,357,N,,,,,,Shivan Reef
M3C,203,N,,,,,,Sifter of Skulls
AVR,210,N,,,,,,"Sigarda, Host of Herons"
CMR,384,N,,,,,,Sigarda's Aid
C18,191,N,,,,,,Silent-Blade Oni
AFR,74,N,,,,,,Silver Raven
RIX,115,N,,,,,,Silverclad Ferocidons
2X2,331,N,,,,,,Simic Growth Chamber
WAR,30,N,,,,,,Single Combat
EOE,228,N,,,,,,Singularity Rupture
CMR,96,N,,,,,,Siren Stormtamer
AKH,187,N,,,,,,Sixth Sense
IKO,206,N,,,,,,Skull Prophet
BOK,84,N,,,,,,Skullsnatcher
6ED,311,N,,,,,,Sky Diamond
OGW,47,N,,,,,,Slip Through Space
C20,66,N,,,,,,Slippery Bogbonder
RIX,55,N,,,,,,Slippery Scoundrel
AKH,71,N,,,,,,Slither Blade
J25,361,N,,,,,,Smoke Shroud
2X2,31,N,,,,,,Smothering Tithe
DDD,53,N,,,,,,Snuff Out
5ED,125,N,,,,,,Soul Barrier
NEC,131,N,,,,,,Soul's Majesty
SNC,257,N,,,,,,Spara's Headquarters
DST,141,N,,,,,,Spawning Pit
FDN,164,N,,,,,,Spectral Sailor
MOC,237,N,,,,,,Spell Swindle
J22,250,N,,,,,,Starnheim Aspirant
DDC,36,N,,,,,,Stinkweed Imp
GK1,2,N,,,,,,Stolen Identity
2XM,32,N,,,,,,Stonehewer Giant
RIX,172,N,,,,,,Storm Fleet Sprinter
RIX,173,N,,,,,,Storm the Vault // Vault of Catlacan
MOR,52,N,,,,,,Stream of Unconsciousness
FCA,26,N,,,,,,Stroke of Midnight
M13,36,N,,,,,,Sublime Archangel
ACR,301,N,,,,,,Submerged Boneyard
AFC,74,N,,,,,,Sunblast Angel
2XM,293,N,,,,,,Sunforger
DMC,169,N,,,,,,Surrak Dragonclaw
CLB,835,N,,,,,,Sweet-Gum Recluse
2XM,298,N,,,,,,Sword of Light and Shadow
C14,276,N,,,,,,Sword of Vengeance
C14,217,N,,,,,,Sylvan Safekeeper
ELD,330,N,,,,,,"Syr Gwyn, Hero of Ashvale"
DSC,158,N,,,,,,"Syr Konrad, the Grim"
J25,270,N,,,,,,Take Up the Shield
2X2,64,N,,,,,,"Talrand, Sky Summoner"
INR,272,N,,,,,,Tamiyo's Journal
CMM,358,N,,,,,,"Tatyova, Benthic Druid"
AFC,143,N,,,,,,Taurean Mauler
J25,371,N,,,,,,Teferi's Ageless Insight
2X2,32,N,,,,,,Teferi's Protection
WAR,72,N,,,,,,Teferi's Time Twist
LCC,138,N,,,,,,Temple Altisaur
CLU,282,F,,,,,,Temple Garden
40K,298,N,,,,,,Temple of Epiphany
40K,299,N,,,,,,Temple of Mystery
KTK,207,N,,,,,,Temur Ascendancy
C17,159,N,,,,,,Temur Sabertooth
M21,164,N,,,,,,Terror of the Peaks
BLC,177,N,,,,,,"Tetsuko Umezawa, Fugitive"
WAR,275,F,,,,,,"Tezzeret, Master of the Bridge"
LTC,80,N,,,,,,The Black Gate
CMM,294,N,,,,,,The Great Henge
DSC,3,N,,,,,,The Lord of Pain
IKO,237,N,,,,,,The Ozolith
BLC,34,N,,,,,,Thickest in the Thicket
BRC,97,N,,,,,,Thopter Spy Network
DSK,270,N,,,,,,Thornspire Verge
BRC,98,N,,,,,,Thought Monitor
FDN,560,N,,,,,,Thrashing Brontodon
BLB,260,N,,,,,,Three Tree City
DMC,127,N,,,,,,Thrill of Possibility
MH1,110,N,,,,,,Throatseeker
AFC,146,N,,,,,,Throes of Chaos
GN2,52,N,,,,,,Thunderherd Migration
GN2,53,N,,,,,,Thundering Spineback
BBD,134,N,,,,,,Tidespout Tyrant
LCC,178,N,,,,,,Timestream Navigator
ALA,204,N,,,,,,Titanic Ultimatum
J25,730,N,,,,,,Topiary Stomper
J22,477,N,,,,,,Tormented Soul
ELD,248,N,,,,,,Tournament Grounds
BRC,169,N,,,,,,Trading Post
C21,109,N,,,,,,Tragic Arrogance
CMM,434,N,,,,,,Training Center
DGM,18,N,,,,,,Trait Doctoring
RIX,29,N,,,,,,Trapjaw Tyrant
C16,101,N,,,,,,Treasure Cruise
LCI,267,N,,,,,,Treasure Map // Treasure Cove
J22,365,N,,,,,,Triton Shorestalker
C14,93,N,,,,,,True Conviction
J25,274,N,,,,,,Trusty Retriever
SOC,55,N,,,,,,Turbulent Fen
SOC,56,N,,,,,,Turbulent Moor
SOC,58,N,,,,,,Turbulent Steppe
ZNR,215,N,,,,,,"Turntimber Symbiosis // Turntimber, Serpentine Wood"
2ED,86,N,,,,,,Twiddle
A25,75,N,,,,,,Twisted Image
10E,121,N,,,,,,Twitch
CMM,1049,N,,,,,,Tyrite Sanctum
MAT,48,N,,,,,,Tyvar the Bellicose
ONE,190,N,,,,,,Tyvar's Stand
AVR,200,N,,,,,,Ulvenwald Tracker
EOE,123,N,,,,,,Umbral Collar Zealot
2X2,95,N,,,,,,Unburial Rites
HOP,44,N,,,,,,Undead Warchief
CLB,259,N,,,,,,Undercellar Myconid
MKM,270,N,,,,,,Undercity Sewers
MKM,271,N,,,,,,Underground Mortuary
DSK,118,N,,,,,,Unholy Annex // Ritual Chamber
H1R,38,F,,,,,,Universal Automaton
MH2,106,N,,,,,,Unmarked Grave
C18,78,N,,,,,,Unquestioned Authority
SCG,79,N,,,,,,Unspeakable Symbol
UMA,254,N,,,,,,"Urborg, Tomb of Yawgmoth"
J25,34,N,,,,,,"Urdnan, Dromoka Warrior"
A25,192,N,,,,,,Utopia Sprawl
ZNR,174,N,,,,,,Valakut Awakening // Valakut Stoneforge
DSK,120,N,,,,,,"Valgavoth, Terror Eater"
2XM,38,N,,,,,,Valorous Stance
PLC,92,N,,,,,,Vampiric Link
DGM,112,N,,,,,,"Varolz, the Scar-Striped"
BIG,20,N,,,,,,Vaultborn Tyrant
M20,198,N,,,,,,Veil of Summer
C17,201,N,,,,,,Vela the Night-Clad
C21,208,N,,,,,,Verdant Sun's Avatar
GN3,64,N,,,,,,Village Rites
CLB,838,N,,,,,,"Vivien, Champion of the Wilds"
IKO,175,N,,,,,,"Vivien, Monsters' Advocate"
STH,143,N,,,,,,Volrath's Stronghold
IKO,37,N,,,,,,Vulpikeet
CMM,68,N,,,,,,Wakening Sun's Avatar
BOK,60,N,,,,,,Walker of Secret Ways
LCC,179,N,,,,,,Warkite Marauder
MH3,110,N,,,,,,Warren Soultrader
GRN,259,N,,,,,,Watery Grave
J22,371,N,,,,,,Wavebreak Hippocamp
CMM,331,N,,,,,,Wayward Swordtooth
C14,223,N,,,,,,Wellwisher
10E,345,N,,,,,,Whispersilk Cloak
A25,39,N,,,,,,Whitemane Lion
CLB,261,N,,,,,,"Wilson, Refined Grizzly"
MH1,37,N,,,,,,Winds of Abandon
KHC,79,N,,,,,,Wirewood Channeler
ONS,329,N,,,,,,Wirewood Lodge
C21,81,N,,,,,,Witch's Clinic
ELD,237,N,,,,,,Witch's Oven
SOS,105,N,,,,,,Withering Curse
BLC,189,N,,,,,,Woe Strider
2XM,332,N,,,,,,Wooded Bastion
MOM,173,N,,,,,,Wrenn's Resolve
2XM,308,N,,,,,,Wurmcoil Engine
NPH,51,N,,,,,,Xenograft
DMC,48,N,,,,,,"Xira, the Golden Sting"
UDS,143,N,,,,,,Yavimaya Hollow
C18,52,N,,,,,,"Yuriko, the Tiger's Shadow"
CMM,365,N,,,,,,"Zacama, Primal Calamity"
CMR,294,N,,,,,,"Zara, Renegade Recruiter"
C19,79,N,,,,,,"Zetalpa, Primal Dawn"
SNC,261,N,,,,,,Ziatora's Proving Ground
MKC,43,N,,,,,,Take the Bait
WOE,256,N,,,,,,Evolving Wilds
PIP,517,N,,,,,,Temple of Deceit
HOB,122,N,,,,,,#N/A
