Card,Deck,Custom Tags,Card Count
Angrath's Marauders,"Raktres, Lord of Discounts",Rakdos Target,1
Arcane Signet,"Raktres, Lord of Discounts",Ramp,1
Archon of Cruelty,"Raktres, Lord of Discounts",Rakdos Target,1
Artisan of Kozilek,"Raktres, Lord of Discounts",Rakdos Target,1
Bojuka Bog,"Raktres, Lord of Discounts",Utility,1
Bolt Bend,"Raktres, Lord of Discounts",Protection,1
Canyon Slough,"Raktres, Lord of Discounts",,1
Chaos Warp,"Raktres, Lord of Discounts",Removal,1
Combustible Gearhulk,"Raktres, Lord of Discounts",Card Adv,1
Command Tower,"Raktres, Lord of Discounts",,1
Credit Voucher,"Raktres, Lord of Discounts",Utility,1
Creeping Bloodsucker,"Raktres, Lord of Discounts",Pinger,1
Cryptolith Fragment // Aurora of Emrakul,"Raktres, Lord of Discounts",Pinger,1
Deathbringer Regent,"Raktres, Lord of Discounts",Removal,1
Demonlord Belzenlok,"Raktres, Lord of Discounts",Card Adv,1
Descent into Avernus,"Raktres, Lord of Discounts",Pinger,1
Disciple of Bolas,"Raktres, Lord of Discounts",Card Adv,1
Dragonskull Summit,"Raktres, Lord of Discounts",,1
Dread Cacodemon,"Raktres, Lord of Discounts",Removal,1
Elder Brain,"Raktres, Lord of Discounts",Rakdos Target,1
Exocrine,"Raktres, Lord of Discounts",Big Damage,1
Fiendish Duo,"Raktres, Lord of Discounts",Big Damage,1
Fiery Confluence,"Raktres, Lord of Discounts",Interaction,1
Fireglass Mentor,"Raktres, Lord of Discounts",Card Adv,1
"Florian, Voldaren Scion","Raktres, Lord of Discounts",Card Adv,1
Foreboding Ruins,"Raktres, Lord of Discounts",,1
Graven Cairns,"Raktres, Lord of Discounts",,1
Heartless Hidetsugu,"Raktres, Lord of Discounts",Big Damage,1
Hideous Taskmaster,"Raktres, Lord of Discounts",Rakdos Target,1
Indulgent Tormentor,"Raktres, Lord of Discounts",Card Adv,1
Jagged Barrens,"Raktres, Lord of Discounts",Pinger,1
Kaervek the Merciless,"Raktres, Lord of Discounts",Interaction,1
Kazuul's Fury // Kazuul's Cliffs,"Raktres, Lord of Discounts",Interaction,1
Keen Duelist,"Raktres, Lord of Discounts",Card Adv,1
Knollspine Dragon,"Raktres, Lord of Discounts",Card Adv,1
Kolaghan's Command,"Raktres, Lord of Discounts",Interaction,1
Leechridden Swamp,"Raktres, Lord of Discounts",Utility,1
Lightning Greaves,"Raktres, Lord of Discounts",Protection,1
Lim-Dul's Hex,"Raktres, Lord of Discounts",Pinger,1
Lobber Crew,"Raktres, Lord of Discounts",Pinger,1
Luxury Suite,"Raktres, Lord of Discounts",,1
Morbid Curiosity,"Raktres, Lord of Discounts",Card Adv,1
Mountain,"Raktres, Lord of Discounts",,10
"Neheb, the Eternal","Raktres, Lord of Discounts",Ramp,1
Nettle Drone,"Raktres, Lord of Discounts",Pinger,1
"Orcus, Prince of Undeath","Raktres, Lord of Discounts",Rakdos Target,1
Plague Spitter,"Raktres, Lord of Discounts",Pinger,1
Platinum Angel,"Raktres, Lord of Discounts",Protection,1
Protection Racket,"Raktres, Lord of Discounts",Card Adv,1
Rakdos Charm,"Raktres, Lord of Discounts",Interaction,1
Rakdos Signet,"Raktres, Lord of Discounts",Ramp,1
"Rakdos, Lord of Riots","Raktres, Lord of Discounts",Ramp,1
"Rakdos, Patron of Chaos","Raktres, Lord of Discounts",Rakdos Target,1
Rogue's Passage,"Raktres, Lord of Discounts",Utility,1
Rune-Scarred Demon,"Raktres, Lord of Discounts",Rakdos Target,1
Sanctum of Stone Fangs,"Raktres, Lord of Discounts",Pinger,1
Sandstone Oracle,"Raktres, Lord of Discounts",Card Adv,1
Shadowblood Ridge,"Raktres, Lord of Discounts",,1
"Shizo, Death's Storehouse","Raktres, Lord of Discounts",Utility,1
Sign in Blood,"Raktres, Lord of Discounts",Card Adv,1
Sin Prodder,"Raktres, Lord of Discounts",Card Adv,1
Smoldering Marsh,"Raktres, Lord of Discounts",,1
Sower of Discord,"Raktres, Lord of Discounts",Rakdos Target,1
Spawn of Mayhem,"Raktres, Lord of Discounts",Pinger,1
Spear Spewer,"Raktres, Lord of Discounts",Pinger,1
Spinerock Knoll,"Raktres, Lord of Discounts",Card Adv,1
Steel Hellkite,"Raktres, Lord of Discounts",Removal,1
Stormfist Crusader,"Raktres, Lord of Discounts",Card Adv,1
Sulfurous Springs,"Raktres, Lord of Discounts",,1
Sunspine Lynx,"Raktres, Lord of Discounts",Big Damage,1
Swamp,"Raktres, Lord of Discounts",,9
Swiftfoot Boots,"Raktres, Lord of Discounts",Protection,1
Tainted Peak,"Raktres, Lord of Discounts",,1
Talisman of Indulgence,"Raktres, Lord of Discounts",Ramp,1
Temple of Malice,"Raktres, Lord of Discounts",,1
Theater of Horrors,"Raktres, Lord of Discounts",Card Adv,1
Thermo-Alchemist,"Raktres, Lord of Discounts",Pinger,1
Toil // Trouble,"Raktres, Lord of Discounts",Card Adv,1
Toxic Deluge,"Raktres, Lord of Discounts",Removal,1
Tuktuk Rubblefort,"Raktres, Lord of Discounts",Utility,1
Vandalblast,"Raktres, Lord of Discounts",Removal,1
Void Winnower,"Raktres, Lord of Discounts",Rakdos Target,1
Wheel of Misfortune,"Raktres, Lord of Discounts",Card Adv,1
Arcane Signet,Marchesa Thatcher,Ramp,1
Authority of the Consuls,Marchesa Thatcher,Pillow Fort,1
Battlefield Forge,Marchesa Thatcher,,1
Batwing Brume,Marchesa Thatcher,Aikido,1
Blasphemous Act,Marchesa Thatcher,Wipe,1
Blind Obedience,Marchesa Thatcher,Pillow Fort,1
Boros Charm,Marchesa Thatcher,Interaction,1
Boros Signet,Marchesa Thatcher,Ramp,1
"Breena, the Demagogue",Marchesa Thatcher,Politics,1
Caves of Koilos,Marchesa Thatcher,,1
Clifftop Retreat,Marchesa Thatcher,,1
Command Tower,Marchesa Thatcher,,1
Council's Judgment,Marchesa Thatcher,Removal,1
Court of Ambition,Marchesa Thatcher,Pillow Fort,1
Court of Embereth,Marchesa Thatcher,Tokens,1
Court of Grace,Marchesa Thatcher,Tokens,1
Crackling Doom,Marchesa Thatcher,Removal,1
Damn,Marchesa Thatcher,Wipe,1
Deflecting Palm,Marchesa Thatcher,Aikido,1
Dismantling Wave,Marchesa Thatcher,Removal,1
Disrupt Decorum,Marchesa Thatcher,Forced Combat,1
Do or Die,Marchesa Thatcher,Removal,1
Dragonskull Summit,Marchesa Thatcher,,1
Duelist's Heritage,Marchesa Thatcher,Politics,1
Exotic Orchard,Marchesa Thatcher,,1
Fetid Heath,Marchesa Thatcher,,1
Frenzied Gorespawn,Marchesa Thatcher,Forced Combat,1
Fumiko the Lowblood,Marchesa Thatcher,Forced Combat,1
Ghostly Prison,Marchesa Thatcher,Pillow Fort,1
"Gisela, Blade of Goldnight",Marchesa Thatcher,Politics,1
Godless Shrine,Marchesa Thatcher,,1
Graven Cairns,Marchesa Thatcher,,1
Haunted Ridge,Marchesa Thatcher,,1
Hide // Seek,Marchesa Thatcher,Card Adv,1
Inkshield,Marchesa Thatcher,Aikido,1
"Invasion of Fiora // Marchesa, Resolute Monarch",Marchesa Thatcher,Wipe,1
Isolated Chapel,Marchesa Thatcher,,1
"Kambal, Consul of Allocation",Marchesa Thatcher,Pillow Fort,1
"Karazikar, the Eye Tyrant",Marchesa Thatcher,Politics,1
"Kardur, Doomscourge",Marchesa Thatcher,Forced Combat,1
Kaya's Guile,Marchesa Thatcher,Interaction,1
Keeper of the Accord,Marchesa Thatcher,Tokens,1
Life of the Party,Marchesa Thatcher,Forced Combat,1
Loran of the Third Path,Marchesa Thatcher,Interaction,1
Luminarch Ascension,Marchesa Thatcher,Tokens,1
Luxury Suite,Marchesa Thatcher,,1
"Mangara, the Diplomat",Marchesa Thatcher,Card Adv,1
Shadrix Silverquill,Marchesa Thatcher,Politics,1
"Michiko Konda, Truth Seeker",Marchesa Thatcher,Pillow Fort,1
Mob Rule,Marchesa Thatcher,Aikido,1
Mountain,Marchesa Thatcher,,3
"Nelly Borca, Impulsive Accuser",Marchesa Thatcher,Forced Combat,1
Nomad Outpost,Marchesa Thatcher,,1
Ophiomancer,Marchesa Thatcher,Tokens,1
Wear // Tear,Marchesa Thatcher,Interaction,1
Orzhov Signet,Marchesa Thatcher,Ramp,1
Painful Quandary,Marchesa Thatcher,Interaction,1
Painful Truths,Marchesa Thatcher,Card Adv,1
Path to Exile,Marchesa Thatcher,Removal,1
Plains,Marchesa Thatcher,,5
Queen Marchesa,Marchesa Thatcher,Tokens,1
Rakdos Signet,Marchesa Thatcher,Ramp,1
"Reidane, God of the Worthy // Valkmira, Protector's Shield",Marchesa Thatcher,Pillow Fort,1
Relic of Legends,Marchesa Thatcher,Ramp,1
"Kambal, Profiteering Mayor",Marchesa Thatcher,Tokens,1
Rugged Prairie,Marchesa Thatcher,,1
Ruinous Ultimatum,Marchesa Thatcher,Wipe,1
Shattered Sanctum,Marchesa Thatcher,,1
Skullclamp,Marchesa Thatcher,Card Adv,1
Soul Shatter,Marchesa Thatcher,Removal,1
Spectator Seating,Marchesa Thatcher,,1
Sundown Pass,Marchesa Thatcher,,1
Swamp,Marchesa Thatcher,,4
Swords to Plowshares,Marchesa Thatcher,Removal,1
Talisman of Conviction,Marchesa Thatcher,Ramp,1
Talisman of Hierarchy,Marchesa Thatcher,Ramp,1
Taunt from the Rampart,Marchesa Thatcher,Forced Combat,1
Sulfurous Springs,Marchesa Thatcher,,1
Silent Clearing,Marchesa Thatcher,,1
Sunbaked Canyon,Marchesa Thatcher,,1
"Tevesh Szat, Doom of Fools",Marchesa Thatcher,Card Adv,1
"Thalia, Heretic Cathar",Marchesa Thatcher,Pillow Fort,1
Thaumatic Compass // Spires of Orazca,Marchesa Thatcher,Ramp,1
Tower of the Magistrate,Marchesa Thatcher,Interaction,1
Unexpectedly Absent,Marchesa Thatcher,Removal,1
Unexplained Absence,Marchesa Thatcher,Removal,1
Vault of Champions,Marchesa Thatcher,,1
Vengeful Ancestor,Marchesa Thatcher,Forced Combat,1
Wayfarer's Bauble,Marchesa Thatcher,Ramp,1
Witch Enchanter // Witch-Blessed Meadow,Marchesa Thatcher,Interaction,1
"Yawgmoth, Thran Physician",Marchesa Thatcher,Card Adv,1
Academy Manufactor,Prosper's Payday Loans,Treasure,1
Arcane Signet,Prosper's Payday Loans,Ramp,1
Author of Shadows,Prosper's Payday Loans,Steal,1
"Birgi, God of Storytelling // Harnfel, Horn of Bounty",Prosper's Payday Loans,Ramp,1
Blasphemous Act,Prosper's Payday Loans,Interaction,1
Bloodsoaked Insight // Sanguine Morass,Prosper's Payday Loans,Steal,1
Bojuka Bog,Prosper's Payday Loans,Interaction,1
Brainstealer Dragon,Prosper's Payday Loans,Steal,1
"Chandra, Torch of Defiance",Prosper's Payday Loans,Card Adv,1
Chaos Warp,Prosper's Payday Loans,Removal,1
Command Tower,Prosper's Payday Loans,,1
Creative Technique,Prosper's Payday Loans,Card Adv,1
Cursed Mirror,Prosper's Payday Loans,Ramp,1
Dauthi Voidwalker,Prosper's Payday Loans,Steal,1
Deadly Dispute,Prosper's Payday Loans,Card Adv,1
Decadent Dragon // Expensive Taste,Prosper's Payday Loans,Steal,1
Delayed Blast Fireball,Prosper's Payday Loans,Wipe,1
Demolition Field,Prosper's Payday Loans,Interaction,1
Descent into Avernus,Prosper's Payday Loans,Steal,1
Dire Fleet Daredevil,Prosper's Payday Loans,Steal,1
Disciple of the Vault,Prosper's Payday Loans,Pinger,1
Dragonskull Summit,Prosper's Payday Loans,,1
Drossforge Bridge,Prosper's Payday Loans,,1
Ensnared by the Mara,Prosper's Payday Loans,Steal,1
Fevered Suspicion,Prosper's Payday Loans,Steal,1
Foreboding Ruins,Prosper's Payday Loans,,1
Glittering Stockpile,Prosper's Payday Loans,Ramp,1
"Gonti, Lord of Luxury",Prosper's Payday Loans,Steal,1
"Gonti, Night Minister",Prosper's Payday Loans,Steal,1
Graven Cairns,Prosper's Payday Loans,,1
Grim Hireling,Prosper's Payday Loans,Treasure,1
Guff Rewrites History,Prosper's Payday Loans,Removal,1
Haunted Ridge,Prosper's Payday Loans,,1
Herald of Anguish,Prosper's Payday Loans,Interaction,1
Hurl Through Hell,Prosper's Payday Loans,Removal,1
Ignite the Future,Prosper's Payday Loans,Card Adv,1
Inspired Tinkering,Prosper's Payday Loans,Card Adv,1
Intellect Devourer,Prosper's Payday Loans,Steal,1
Jeska's Will,Prosper's Payday Loans,Card Adv,1
"Laelia, the Blade Reforged",Prosper's Payday Loans,Card Adv,1
Light Up the Stage,Prosper's Payday Loans,Card Adv,1
"Lobelia, Defender of Bag End",Prosper's Payday Loans,Steal,1
Luxury Suite,Prosper's Payday Loans,,1
Marionette Master,Prosper's Payday Loans,Pinger,1
Mayhem Devil,Prosper's Payday Loans,Pinger,1
Mines of Moria,Prosper's Payday Loans,Treasure,1
Mirkwood Bats,Prosper's Payday Loans,Pinger,1
Mountain,Prosper's Payday Loans,,9
Nadier's Nightblade,Prosper's Payday Loans,Pinger,1
Nalfeshnee,Prosper's Payday Loans,Card Adv,1
Party Thrasher,Prosper's Payday Loans,Card Adv,1
Passionate Archaeologist,Prosper's Payday Loans,Pinger,1
Plargg and Nassari,Prosper's Payday Loans,Card Adv,1
Professional Face-Breaker,Prosper's Payday Loans,Treasure,1
"Prosper, Tome-Bound",Prosper's Payday Loans,Treasure,1
Rain of Riches,Prosper's Payday Loans,Treasure,1
Rakdos Signet,Prosper's Payday Loans,Ramp,1
Reckless Endeavor,Prosper's Payday Loans,Wipe,1
Reckless Fireweaver,Prosper's Payday Loans,Pinger,1
Reckless Impulse,Prosper's Payday Loans,Card Adv,1
Revel in Riches,Prosper's Payday Loans,Treasure,1
Reverberate,Prosper's Payday Loans,Interaction,1
Shadowblood Ridge,Prosper's Payday Loans,,1
Share the Spoils,Prosper's Payday Loans,Steal,1
Smoldering Marsh,Prosper's Payday Loans,,1
Spinerock Knoll,Prosper's Payday Loans,Card Adv,1
Swamp,Prosper's Payday Loans,,9
Tainted Peak,Prosper's Payday Loans,,1
Talisman of Indulgence,Prosper's Payday Loans,Ramp,1
Tibalt's Trickery,Prosper's Payday Loans,Interaction,1
Treasure Vault,Prosper's Payday Loans,Treasure,1
Underdark Rift,Prosper's Payday Loans,Utility,1
Valakut Exploration,Prosper's Payday Loans,Pinger,1
"Valki, God of Lies // Tibalt, Cosmic Impostor",Prosper's Payday Loans,Steal,1
Vandalblast,Prosper's Payday Loans,Removal,1
Vat of Rebirth,Prosper's Payday Loans,Utility,1
Visions of Ruin,Prosper's Payday Loans,Removal,1
Volcanic Torrent,Prosper's Payday Loans,Wipe,1
Waltz of Rage,Prosper's Payday Loans,Wipe,1
Wand of Wonder,Prosper's Payday Loans,Steal,1
Wild Magic Surge,Prosper's Payday Loans,Removal,1
Wild-Magic Sorcerer,Prosper's Payday Loans,Card Adv,1
Xorn,Prosper's Payday Loans,Treasure,1
You Find Some Prisoners,Prosper's Payday Loans,Interaction,1
Abomination of Llanowar,"Miara and Kamahl, Murder Hippies",Elf Payoff,1
Arbor Elf,"Miara and Kamahl, Murder Hippies",Dork,1
Assassin's Trophy,"Miara and Kamahl, Murder Hippies",Interaction,1
Barren Moor,"Miara and Kamahl, Murder Hippies",,1
Beast Whisperer,"Miara and Kamahl, Murder Hippies",Card Adv,1
Blessed Respite,"Miara and Kamahl, Murder Hippies",Interaction,1
Bojuka Bog,"Miara and Kamahl, Murder Hippies",Utility,1
Bounty of Skemfar,"Miara and Kamahl, Murder Hippies",Card Adv,1
Canopy Tactician,"Miara and Kamahl, Murder Hippies",Lord,1
Champions of the Perfect,"Miara and Kamahl, Murder Hippies",Card Adv,1
Creeping Corrosion,"Miara and Kamahl, Murder Hippies",Interaction,1
Crippling Fear,"Miara and Kamahl, Murder Hippies",Interaction,1
Demolition Field,"Miara and Kamahl, Murder Hippies",Utility,1
"Dwynen, Gilt-Leaf Daen","Miara and Kamahl, Murder Hippies",Lord,1
Eclipsed Elf,"Miara and Kamahl, Murder Hippies",Card Adv,1
Elderfang Disciple,"Miara and Kamahl, Murder Hippies",Interaction,1
Elderfang Venom,"Miara and Kamahl, Murder Hippies",Pinger,1
Elven Ambush,"Miara and Kamahl, Murder Hippies",Elf Bodies,1
Elvish Archdruid,"Miara and Kamahl, Murder Hippies",Lord,1
Elvish Dreadlord,"Miara and Kamahl, Murder Hippies",Interaction,1
Elvish Guidance,"Miara and Kamahl, Murder Hippies",Ramp,1
Elvish Mystic,"Miara and Kamahl, Murder Hippies",Dork,1
Elvish Promenade,"Miara and Kamahl, Murder Hippies",Elf Bodies,1
Elvish Warmaster,"Miara and Kamahl, Murder Hippies",Elf Bodies,1
Fade from History,"Miara and Kamahl, Murder Hippies",Interaction,1
Farhaven Elf,"Miara and Kamahl, Murder Hippies",Ramp,1
Festering Thicket,"Miara and Kamahl, Murder Hippies",,1
For the Ancestors,"Miara and Kamahl, Murder Hippies",Ramp,1
Forest,"Miara and Kamahl, Murder Hippies",,8
Fyndhorn Elves,"Miara and Kamahl, Murder Hippies",Dork,1
Gala Greeters,"Miara and Kamahl, Murder Hippies",Utility,1
Gilt-Leaf Palace,"Miara and Kamahl, Murder Hippies",,1
Gloom Ripper,"Miara and Kamahl, Murder Hippies",Utility,1
Gnarlroot Trapper,"Miara and Kamahl, Murder Hippies",Dork,1
Golgari Rot Farm,"Miara and Kamahl, Murder Hippies",,1
Grim Backwoods,"Miara and Kamahl, Murder Hippies",,1
"Harald, King of Skemfar","Miara and Kamahl, Murder Hippies",Card Adv,1
Heart Warden,"Miara and Kamahl, Murder Hippies",Dork,1
Immaculate Magistrate,"Miara and Kamahl, Murder Hippies",Elf Payoff,1
Imperious Perfect,"Miara and Kamahl, Murder Hippies",Lord,1
"Kamahl, Heart of Krosa","Miara and Kamahl, Murder Hippies",Elf Payoff,1
"Lathril, Blade of the Elves","Miara and Kamahl, Murder Hippies",Elf Payoff,1
Lead the Stampede,"Miara and Kamahl, Murder Hippies",Card Adv,1
Lethal Scheme,"Miara and Kamahl, Murder Hippies",Utility,1
Llanowar Elves,"Miara and Kamahl, Murder Hippies",Dork,1
Llanowar Wastes,"Miara and Kamahl, Murder Hippies",,1
Lys Alana Huntmaster,"Miara and Kamahl, Murder Hippies",Elf Bodies,1
"Marwyn, the Nurturer","Miara and Kamahl, Murder Hippies",Dork,1
"Miara, Thorn of the Glade","Miara and Kamahl, Murder Hippies",Card Adv,1
Moldervine Reclamation,"Miara and Kamahl, Murder Hippies",Card Adv,1
Morcant's Loyalist,"Miara and Kamahl, Murder Hippies",Lord,1
"Nadier, Agent of the Duskenel","Miara and Kamahl, Murder Hippies",Elf Bodies,1
Nadier's Nightblade,"Miara and Kamahl, Murder Hippies",Pinger,1
Necroblossom Snarl,"Miara and Kamahl, Murder Hippies",Utility,1
Nullmage Shepherd,"Miara and Kamahl, Murder Hippies",Interaction,1
Nurturing Peatland,"Miara and Kamahl, Murder Hippies",,1
Pact of the Serpent,"Miara and Kamahl, Murder Hippies",Card Adv,1
Path of Ancestry,"Miara and Kamahl, Murder Hippies",Utility,1
Poison-Tip Archer,"Miara and Kamahl, Murder Hippies",Pinger,1
Priest of Titania,"Miara and Kamahl, Murder Hippies",Dork,1
Primal Growth,"Miara and Kamahl, Murder Hippies",Ramp,1
Prowess of the Fair,"Miara and Kamahl, Murder Hippies",Elf Bodies,1
Reclamation Sage,"Miara and Kamahl, Murder Hippies",Interaction,1
Revitalizing Repast // Old-Growth Grove,"Miara and Kamahl, Murder Hippies",,1
Rhys the Exiled,"Miara and Kamahl, Murder Hippies",Elf Payoff,1
Ruthless Winnower,"Miara and Kamahl, Murder Hippies",Interaction,1
Selfless Safewright,"Miara and Kamahl, Murder Hippies",Interaction,1
"Shadowheart, Dark Justiciar","Miara and Kamahl, Murder Hippies",Card Adv,1
Shaman of the Pack,"Miara and Kamahl, Murder Hippies",Elf Payoff,1
Skemfar Avenger,"Miara and Kamahl, Murder Hippies",Card Adv,1
Skemfar Shadowsage,"Miara and Kamahl, Murder Hippies",Elf Payoff,1
Swamp,"Miara and Kamahl, Murder Hippies",,7
Sylvan Messenger,"Miara and Kamahl, Murder Hippies",Card Adv,1
Tainted Wood,"Miara and Kamahl, Murder Hippies",,1
Temple of Malady,"Miara and Kamahl, Murder Hippies",,1
Timberwatch Elf,"Miara and Kamahl, Murder Hippies",Elf Payoff,1
Titania's Song,"Miara and Kamahl, Murder Hippies",Interaction,1
Tranquil Thicket,"Miara and Kamahl, Murder Hippies",,1
Twilight Mire,"Miara and Kamahl, Murder Hippies",,1
Unclaimed Territory,"Miara and Kamahl, Murder Hippies",,1
Vernal Fen,"Miara and Kamahl, Murder Hippies",,1
Viridescent Bog,"Miara and Kamahl, Murder Hippies",,1
Virulent Emissary,"Miara and Kamahl, Murder Hippies",Utility,1
Wirewood Pride,"Miara and Kamahl, Murder Hippies",Elf Payoff,1
Wolverine Riders,"Miara and Kamahl, Murder Hippies",Elf Bodies,1
Wood Elves,"Miara and Kamahl, Murder Hippies",Ramp,1
Woodland Cemetery,"Miara and Kamahl, Murder Hippies",,1
Aetherflux Reservoir,"Vilis, Blood ATM",Lifegain,1
Alhammarret's Archive,"Vilis, Blood ATM",Card Adv,1
Archfiend of Depravity,"Vilis, Blood ATM",Wipe,1
Blood Artist,"Vilis, Blood ATM",Lifegain,1
Blood Celebrant,"Vilis, Blood ATM",Life Manipulation,1
Bloodchief Ascension,"Vilis, Blood ATM",Lifegain,1
Bloodgift Demon,"Vilis, Blood ATM",Card Adv,1
Bojuka Bog,"Vilis, Blood ATM",Interaction,1
Bolas's Citadel,"Vilis, Blood ATM",Life Sink,1
Bontu's Monument,"Vilis, Blood ATM",Ramp,1
Bubbling Muck,"Vilis, Blood ATM",B Doubler,1
Cabal Coffers,"Vilis, Blood ATM",B Doubler,1
Castle Locthwain,"Vilis, Blood ATM",Card Adv,1
Cloudkill,"Vilis, Blood ATM",Wipe,1
Consuming Corruption,"Vilis, Blood ATM",Interaction,1
Creeping Bloodsucker,"Vilis, Blood ATM",Lifegain,1
Crypt Ghast,"Vilis, Blood ATM",B Doubler,1
Dark Ritual,"Vilis, Blood ATM",Ramp,1
Darkstar Augur,"Vilis, Blood ATM",Card Adv,1
Defile,"Vilis, Blood ATM",Removal,1
Defiler of Flesh,"Vilis, Blood ATM",Ramp,1
Deserted Temple,"Vilis, Blood ATM",Utility,1
Disciple of Bolas,"Vilis, Blood ATM",Card Adv,1
Dread Presence,"Vilis, Blood ATM",Card Adv,1
Dystopia,"Vilis, Blood ATM",Removal,1
"Erebos, God of the Dead","Vilis, Blood ATM",Card Adv,1
Erebos's Intervention,"Vilis, Blood ATM",Interaction,1
Eternal Thirst,"Vilis, Blood ATM",Lifegain,1
Expedition Map,"Vilis, Blood ATM",Utility,1
Exsanguinate,"Vilis, Blood ATM",Lifegain,1
Feed the Swarm,"Vilis, Blood ATM",Removal,1
Fell the Profane // Fell Mire,"Vilis, Blood ATM",Ramp,1
Font of Agonies,"Vilis, Blood ATM",Removal,1
Force of Despair,"Vilis, Blood ATM",Wipe,1
Gray Merchant of Asphodel,"Vilis, Blood ATM",Lifegain,1
Imp's Mischief,"Vilis, Blood ATM",Interaction,1
Infernal Grasp,"Vilis, Blood ATM",Removal,1
Jet Medallion,"Vilis, Blood ATM",Ramp,1
"K'rrik, Son of Yawgmoth","Vilis, Blood ATM",Life Sink,1
Magus of the Coffers,"Vilis, Blood ATM",B Doubler,1
Malakir Rebirth // Malakir Mire,"Vilis, Blood ATM",Interaction,1
Mask of Griselbrand,"Vilis, Blood ATM",Lifegain,1
Night's Whisper,"Vilis, Blood ATM",Card Adv,1
Nirkana Revenant,"Vilis, Blood ATM",B Doubler,1
Noxious Gearhulk,"Vilis, Blood ATM",Removal,1
Pact Weapon,"Vilis, Blood ATM",Life Sink,1
Peer into the Abyss,"Vilis, Blood ATM",Life Sink,1
Phyrexian Arena,"Vilis, Blood ATM",Card Adv,1
Plunge into Darkness,"Vilis, Blood ATM",Lifegain,1
Promise of Power,"Vilis, Blood ATM",Card Adv,1
Psychosis Crawler,"Vilis, Blood ATM",Utility,1
Read the Bones,"Vilis, Blood ATM",Card Adv,1
Reliquary Tower,"Vilis, Blood ATM",Utility,1
Repay in Kind,"Vilis, Blood ATM",Life Manipulation,1
Sangromancer,"Vilis, Blood ATM",Lifegain,1
Sign in Blood,"Vilis, Blood ATM",Card Adv,1
Skirge Familiar,"Vilis, Blood ATM",Utility,1
Sol Ring,"Vilis, Blood ATM",Ramp,1
Starving Revenant,"Vilis, Blood ATM",Card Adv,1
Stinging Study,"Vilis, Blood ATM",Card Adv,1
Sudden Spoiling,"Vilis, Blood ATM",Interaction,1
Swamp,"Vilis, Blood ATM",,26
Thespian's Stage,"Vilis, Blood ATM",,1
Thought Vessel,"Vilis, Blood ATM",Ramp,1
Thrull Parasite,"Vilis, Blood ATM",Lifegain,1
Toxic Deluge,"Vilis, Blood ATM",Wipe,1
"Tymaret, Chosen from Death","Vilis, Blood ATM",Interaction,1
Venser's Journal,"Vilis, Blood ATM",Lifegain,1
"Vilis, Broker of Blood","Vilis, Blood ATM",Life Sink,1
"Vito, Thorn of the Dusk Rose","Vilis, Blood ATM",Life Manipulation,1
War Room,"Vilis, Blood ATM",Card Adv,1
Wayfarer's Bauble,"Vilis, Blood ATM",Ramp,1
Whip of Erebos,"Vilis, Blood ATM",Lifegain,1
Witch's Cottage,"Vilis, Blood ATM",Utility,1
Zof Consumption // Zof Bloodbog,"Vilis, Blood ATM",Lifegain,1
Angel's Trumpet,"Wulfgar, the Pain-Harmonicon",Attack Utility,1
Balor,"Wulfgar, the Pain-Harmonicon",Burn,1
Beast Within,"Wulfgar, the Pain-Harmonicon",Interaction,1
Beastmaster Ascension,"Wulfgar, the Pain-Harmonicon",Pump,1
Blossoming Bogbeast,"Wulfgar, the Pain-Harmonicon",Pump,1
Bridgeworks Battle // Tanglespan Bridgeworks,"Wulfgar, the Pain-Harmonicon",Interaction,1
Caller of the Pack,"Wulfgar, the Pain-Harmonicon",Bodies,1
Cemetery Prowler,"Wulfgar, the Pain-Harmonicon",Mana Adv,1
Chaos Warp,"Wulfgar, the Pain-Harmonicon",Interaction,1
Cinder Glade,"Wulfgar, the Pain-Harmonicon",,1
Collective Resistance,"Wulfgar, the Pain-Harmonicon",Protection,1
Command Tower,"Wulfgar, the Pain-Harmonicon",,1
Connecting the Dots,"Wulfgar, the Pain-Harmonicon",Card Adv,1
Cultivate,"Wulfgar, the Pain-Harmonicon",Ramp,1
"Delina, Wild Mage","Wulfgar, the Pain-Harmonicon",Bodies,1
Den of the Bugbear,"Wulfgar, the Pain-Harmonicon",,1
Dolmen Gate,"Wulfgar, the Pain-Harmonicon",Protection,1
"Dragonhawk, Fate's Tempest","Wulfgar, the Pain-Harmonicon",Card Adv,1
"Drakuseth, Maw of Flames","Wulfgar, the Pain-Harmonicon",Burn,1
Durnan of the Yawning Portal,"Wulfgar, the Pain-Harmonicon",Card Adv,1
Elder Gargaroth,"Wulfgar, the Pain-Harmonicon",Attack Utility,1
Elemental Bond,"Wulfgar, the Pain-Harmonicon",Card Adv,1
Emergent Woodwurm,"Wulfgar, the Pain-Harmonicon",Cheat Costs,1
"Etali, Primal Storm","Wulfgar, the Pain-Harmonicon",Cheat Costs,1
Ezuri's Predation,"Wulfgar, the Pain-Harmonicon",Interaction,1
Family's Favor,"Wulfgar, the Pain-Harmonicon",Card Adv,1
Farseek,"Wulfgar, the Pain-Harmonicon",Ramp,1
Fires of Yavimaya,"Wulfgar, the Pain-Harmonicon",Attack Utility,1
Forest,"Wulfgar, the Pain-Harmonicon",,10
Game Trail,"Wulfgar, the Pain-Harmonicon",,1
Garruk's Uprising,"Wulfgar, the Pain-Harmonicon",Card Adv,1
Gnoll War Band,"Wulfgar, the Pain-Harmonicon",Bodies,1
Goblin Anarchomancer,"Wulfgar, the Pain-Harmonicon",Mana Adv,1
Goldlust Triad,"Wulfgar, the Pain-Harmonicon",Bodies,1
Grand Warlord Radha,"Wulfgar, the Pain-Harmonicon",Mana Adv,1
"Hanweir Battlements // Hanweir, the Writhing Township","Wulfgar, the Pain-Harmonicon",Attack Utility,1
Hellkite Charger,"Wulfgar, the Pain-Harmonicon",Attack Utility,1
Heroic Intervention,"Wulfgar, the Pain-Harmonicon",Protection,1
Horn of the Mark,"Wulfgar, the Pain-Harmonicon",Card Adv,1
Inferno Titan,"Wulfgar, the Pain-Harmonicon",Burn,1
"Jolene, the Plunder Queen","Wulfgar, the Pain-Harmonicon",Mana Adv,1
"Karlach, Fury of Avernus","Wulfgar, the Pain-Harmonicon",Attack Utility,1
Karplusan Forest,"Wulfgar, the Pain-Harmonicon",,1
Kazuul's Fury // Kazuul's Cliffs,"Wulfgar, the Pain-Harmonicon",Interaction,1
Kessig Wolf Run,"Wulfgar, the Pain-Harmonicon",Pump,1
Kodama's Reach,"Wulfgar, the Pain-Harmonicon",Ramp,1
"Kogla, the Titan Ape","Wulfgar, the Pain-Harmonicon",Interaction,1
"Krenko, Tin Street Kingpin","Wulfgar, the Pain-Harmonicon",Bodies,1
Lightning Greaves,"Wulfgar, the Pain-Harmonicon",Protection,1
Lumbering Worldwagon,"Wulfgar, the Pain-Harmonicon",Ramp,1
Mosswort Bridge,"Wulfgar, the Pain-Harmonicon",,1
Mountain,"Wulfgar, the Pain-Harmonicon",,7
Nature's Lore,"Wulfgar, the Pain-Harmonicon",Ramp,1
Nissa's Pilgrimage,"Wulfgar, the Pain-Harmonicon",Ramp,1
Pathbreaker Ibex,"Wulfgar, the Pain-Harmonicon",Pump,1
Primeval Herald,"Wulfgar, the Pain-Harmonicon",Ramp,1
"Radha, Heir to Keld","Wulfgar, the Pain-Harmonicon",Mana Adv,1
Relentless Assault,"Wulfgar, the Pain-Harmonicon",Attack Utility,1
Restless Ridgeline,"Wulfgar, the Pain-Harmonicon",,1
Return of the Wildspeaker,"Wulfgar, the Pain-Harmonicon",Card Adv,1
Rhythm of the Wild,"Wulfgar, the Pain-Harmonicon",Attack Utility,1
Rishkar's Expertise,"Wulfgar, the Pain-Harmonicon",Card Adv,1
Rockfall Vale,"Wulfgar, the Pain-Harmonicon",,1
Rootbound Crag,"Wulfgar, the Pain-Harmonicon",,1
Savage Ventmaw,"Wulfgar, the Pain-Harmonicon",Mana Adv,1
Scion of Calamity,"Wulfgar, the Pain-Harmonicon",Interaction,1
Scourge of the Throne,"Wulfgar, the Pain-Harmonicon",Attack Utility,1
Seize the Day,"Wulfgar, the Pain-Harmonicon",Attack Utility,1
Selvala's Stampede,"Wulfgar, the Pain-Harmonicon",Card Adv,1
Sheltered Thicket,"Wulfgar, the Pain-Harmonicon",,1
"Skarrg, the Rage Pits","Wulfgar, the Pain-Harmonicon",Attack Utility,1
Spire Garden,"Wulfgar, the Pain-Harmonicon",,1
Star Athlete,"Wulfgar, the Pain-Harmonicon",Interaction,1
Stomping Ground,"Wulfgar, the Pain-Harmonicon",,1
Stump Stomp // Burnwillow Clearing,"Wulfgar, the Pain-Harmonicon",Interaction,1
Sundering Eruption // Volcanic Fissure,"Wulfgar, the Pain-Harmonicon",Attack Utility,1
Swiftfoot Boots,"Wulfgar, the Pain-Harmonicon",Protection,1
Sword of the Animist,"Wulfgar, the Pain-Harmonicon",Ramp,1
Tectonic Giant,"Wulfgar, the Pain-Harmonicon",Burn,1
Three Visits,"Wulfgar, the Pain-Harmonicon",Ramp,1
Tribute to the World Tree,"Wulfgar, the Pain-Harmonicon",Card Adv,1
Two-Handed Axe // Sweeping Cleave,"Wulfgar, the Pain-Harmonicon",Attack Utility,1
War Room,"Wulfgar, the Pain-Harmonicon",Card Adv,1
Werewolf Pack Leader,"Wulfgar, the Pain-Harmonicon",Card Adv,1
Wulfgar of Icewind Dale,"Wulfgar, the Pain-Harmonicon",Attack Utility,1
Angel of Indemnity,"Nalia, Bring your +1 to the Party",Warrior,1
Archpriest of Iona,"Nalia, Bring your +1 to the Party",Cleric,1
Austere Command,"Nalia, Bring your +1 to the Party",,1
Aven Interrupter,"Nalia, Bring your +1 to the Party",Rogue,1
Aven Mindcensor,"Nalia, Bring your +1 to the Party",Wizard,1
"Baldin, Century Herdmaster","Nalia, Bring your +1 to the Party",Warrior,1
Banisher Priest,"Nalia, Bring your +1 to the Party",Cleric,1
Black Market Connections,"Nalia, Bring your +1 to the Party",Any,1
Blackbloom Rogue // Blackbloom Bog,"Nalia, Bring your +1 to the Party",Rogue,1
Bloodtracker,"Nalia, Bring your +1 to the Party",Wizard,1
Bojuka Bog,"Nalia, Bring your +1 to the Party",,1
"Burakos, Party Leader","Nalia, Bring your +1 to the Party",Any,1
Calculating Lich,"Nalia, Bring your +1 to the Party",Wizard,1
Caves of Koilos,"Nalia, Bring your +1 to the Party",,1
Changeling Outcast,"Nalia, Bring your +1 to the Party",Any,1
Command Tower,"Nalia, Bring your +1 to the Party",,1
Concealed Courtyard,"Nalia, Bring your +1 to the Party",,1
Containment Priest,"Nalia, Bring your +1 to the Party",Cleric,1
Damning Verdict,"Nalia, Bring your +1 to the Party",,1
Dark Confidant,"Nalia, Bring your +1 to the Party",Wizard,1
Deep Gnome Terramancer,"Nalia, Bring your +1 to the Party",Wizard,1
Desolate Mire,"Nalia, Bring your +1 to the Party",,1
Devoted Caretaker,"Nalia, Bring your +1 to the Party",Cleric,1
Dreamstealer,"Nalia, Bring your +1 to the Party",Wizard,1
Eclipsed Steppe,"Nalia, Bring your +1 to the Party",,1
"Elas Il-Kor, Sadistic Pilgrim","Nalia, Bring your +1 to the Party",Cleric,1
Elegy Acolyte,"Nalia, Bring your +1 to the Party",Cleric,1
"Emeria's Call // Emeria, Shattered Skyclave","Nalia, Bring your +1 to the Party",Warrior,1
Envoy of the Ancestors,"Nalia, Bring your +1 to the Party",Cleric,1
Felidar Retreat,"Nalia, Bring your +1 to the Party",,1
"Felisa, Fang of Silverquill","Nalia, Bring your +1 to the Party",Wizard,1
Fetid Heath,"Nalia, Bring your +1 to the Party",,1
Fiend Hunter,"Nalia, Bring your +1 to the Party",Cleric,1
"Gandalf, White Rider","Nalia, Bring your +1 to the Party",Wizard,1
Generous Gift,"Nalia, Bring your +1 to the Party",,1
Golgari Thug,"Nalia, Bring your +1 to the Party",Warrior,1
Grim Haruspex,"Nalia, Bring your +1 to the Party",Wizard,1
Hagra Mauling // Hagra Broodpit,"Nalia, Bring your +1 to the Party",,1
Harper Recruiter,"Nalia, Bring your +1 to the Party",Warrior,1
Isolated Chapel,"Nalia, Bring your +1 to the Party",,1
Jazal Goldmane,"Nalia, Bring your +1 to the Party",Warrior,1
Joined Researchers // Secret Rendezvous,"Nalia, Bring your +1 to the Party",Any,1
Karn's Bastion,"Nalia, Bring your +1 to the Party",,1
Kutzil's Flanker,"Nalia, Bring your +1 to the Party",Warrior,1
"Lae'zel, Vlaakith's Champion","Nalia, Bring your +1 to the Party",Warrior,1
Leonin Relic-Warder,"Nalia, Bring your +1 to the Party",Cleric,1
Metastatic Evangel,"Nalia, Bring your +1 to the Party",Cleric,1
Minas Tirith,"Nalia, Bring your +1 to the Party",,1
Mindblade Render,"Nalia, Bring your +1 to the Party",Warrior,1
Mirror Entity,"Nalia, Bring your +1 to the Party",Cleric,1
Mortuary Mire,"Nalia, Bring your +1 to the Party",,1
Mother of Runes,"Nalia, Bring your +1 to the Party",Cleric,1
Multiclass Baldric,"Nalia, Bring your +1 to the Party",,1
Mutavault,"Nalia, Bring your +1 to the Party",Any,1
Nalia de'Arnise,"Nalia, Bring your +1 to the Party",Rogue,1
"Nikara, Lair Scavenger","Nalia, Bring your +1 to the Party",Cleric,1
"Nils, Discipline Enforcer","Nalia, Bring your +1 to the Party",Cleric,1
Oketra's Monument,"Nalia, Bring your +1 to the Party",Warrior,1
Oona's Blackguard,"Nalia, Bring your +1 to the Party",Rogue,1
Plains,"Nalia, Bring your +1 to the Party",,6
Rumor Gatherer,"Nalia, Bring your +1 to the Party",Wizard,1
Seasoned Dungeoneer,"Nalia, Bring your +1 to the Party",Warrior,1
Selfless Glyphweaver // Deadly Vanity,"Nalia, Bring your +1 to the Party",Cleric,1
Selfless Spirit,"Nalia, Bring your +1 to the Party",Cleric,1
Shattered Sanctum,"Nalia, Bring your +1 to the Party",,1
Shineshadow Snarl,"Nalia, Bring your +1 to the Party",,1
"Sigrid, God-Favored","Nalia, Bring your +1 to the Party",Warrior,1
Skyclave Cleric // Skyclave Basilica,"Nalia, Bring your +1 to the Party",Cleric,1
Solemn Doomguide,"Nalia, Bring your +1 to the Party",Cleric,1
Soltari Visionary,"Nalia, Bring your +1 to the Party",Cleric,1
Soulstone Sanctuary,"Nalia, Bring your +1 to the Party",Any,1
Squad Commander,"Nalia, Bring your +1 to the Party",Warrior,1
Starlit Sanctum,"Nalia, Bring your +1 to the Party",,1
Stick Together,"Nalia, Bring your +1 to the Party",,1
Storm of Souls,"Nalia, Bring your +1 to the Party",,1
Swamp,"Nalia, Bring your +1 to the Party",,5
Swords to Plowshares,"Nalia, Bring your +1 to the Party",,1
Tainted Field,"Nalia, Bring your +1 to the Party",,1
Temple of Silence,"Nalia, Bring your +1 to the Party",,1
Tenacious Underdog,"Nalia, Bring your +1 to the Party",Warrior,1
Umbral Expanse,"Nalia, Bring your +1 to the Party",,1
Unbreakable Formation,"Nalia, Bring your +1 to the Party",,1
"Varragoth, Bloodsky Sire","Nalia, Bring your +1 to the Party",Rogue,1
Vault of Champions,"Nalia, Bring your +1 to the Party",,1
Vault of the Archangel,"Nalia, Bring your +1 to the Party",,1
War Room,"Nalia, Bring your +1 to the Party",,1
Weathered Wayfarer,"Nalia, Bring your +1 to the Party",Cleric,1
White Plume Adventurer,"Nalia, Bring your +1 to the Party",Cleric,1
Windbrisk Heights,"Nalia, Bring your +1 to the Party",,1
Witch's Cottage,"Nalia, Bring your +1 to the Party",,1
Your Temple Is Under Attack,"Nalia, Bring your +1 to the Party",,1
Accursed Marauder,"Gisa, Zombie Gardener",Interaction,1
Altar of Dementia,"Gisa, Zombie Gardener",Graveyard,1
Archghoul of Thraben,"Gisa, Zombie Gardener",Card Adv,1
Ashnod's Altar,"Gisa, Zombie Gardener",Sac Outlet,1
"Ayara, First of Locthwain","Gisa, Zombie Gardener",Zombie Pinging,1
Boggart Trawler // Boggart Bog,"Gisa, Zombie Gardener",,1
Bojuka Bog,"Gisa, Zombie Gardener",Interaction,1
Bontu's Monument,"Gisa, Zombie Gardener",Ramp,1
Cabal Stronghold,"Gisa, Zombie Gardener",Ramp,1
Carrion Feeder,"Gisa, Zombie Gardener",Sac Outlet,1
Castle Locthwain,"Gisa, Zombie Gardener",Card Adv,1
Corpse Augur,"Gisa, Zombie Gardener",Card Adv,1
Crashing Drawbridge,"Gisa, Zombie Gardener",Gisa Help,1
Crippling Fear,"Gisa, Zombie Gardener",Interaction,1
Crowded Crypt,"Gisa, Zombie Gardener",Ramp,1
Crypt of Agadeem,"Gisa, Zombie Gardener",,1
Cryptbreaker,"Gisa, Zombie Gardener",Zombie Synergy,1
Death Baron,"Gisa, Zombie Gardener",Lord Effect,1
Dictate of Erebos,"Gisa, Zombie Gardener",Interaction,1
Diregraf Colossus,"Gisa, Zombie Gardener",Zombie Synergy,1
Feed the Swarm,"Gisa, Zombie Gardener",Lord Effect,1
Fell Stinger,"Gisa, Zombie Gardener",Card Adv,1
Fleshbag Marauder,"Gisa, Zombie Gardener",Interaction,1
Gempalm Polluter,"Gisa, Zombie Gardener",Interaction,1
Geralf's Messenger,"Gisa, Zombie Gardener",Zombie Synergy,1
Ghoulcaller Gisa,"Gisa, Zombie Gardener",Zombie Synergy,1
God-Eternal Bontu,"Gisa, Zombie Gardener",Card Adv,1
Graveborn Muse,"Gisa, Zombie Gardener",Card Adv,1
Gravecrawler,"Gisa, Zombie Gardener",Zombie Synergy,1
Gray Merchant of Asphodel,"Gisa, Zombie Gardener",Zombie Pinging,1
Grim Servant,"Gisa, Zombie Gardener",Card Adv,1
Hagra Mauling // Hagra Broodpit,"Gisa, Zombie Gardener",,1
Headless Rider,"Gisa, Zombie Gardener",Zombie Synergy,1
Heirloom Blade,"Gisa, Zombie Gardener",Card Adv,1
Helm of Possession,"Gisa, Zombie Gardener",Interaction,1
Heraldic Banner,"Gisa, Zombie Gardener",Lord Effect,1
Herald's Horn,"Gisa, Zombie Gardener",Card Adv,1
Incarnation Technique,"Gisa, Zombie Gardener",Graveyard,1
Lashwrithe,"Gisa, Zombie Gardener",Gisa Help,1
Lethal Scheme,"Gisa, Zombie Gardener",Interaction,1
Living Death,"Gisa, Zombie Gardener",Graveyard,1
Lost Monarch of Ifnir,"Gisa, Zombie Gardener",Lord Effect,1
Malakir Rebirth // Malakir Mire,"Gisa, Zombie Gardener",Interaction,1
Mausoleum Secrets,"Gisa, Zombie Gardener",Card Adv,1
Midnight Reaper,"Gisa, Zombie Gardener",Card Adv,1
"Mikaeus, the Unhallowed","Gisa, Zombie Gardener",Lord Effect,1
Night's Whisper,"Gisa, Zombie Gardener",Card Adv,1
Nim Deathmantle,"Gisa, Zombie Gardener",Graveyard,1
Noxious Ghoul,"Gisa, Zombie Gardener",Interaction,1
Patriarch's Bidding,"Gisa, Zombie Gardener",Graveyard,1
Patriar's Seal,"Gisa, Zombie Gardener",Gisa Help,1
Pile On,"Gisa, Zombie Gardener",Interaction,1
Plague Belcher,"Gisa, Zombie Gardener",Zombie Pinging,1
Plumb the Forbidden,"Gisa, Zombie Gardener",Card Adv,1
Ravenous Rotbelly,"Gisa, Zombie Gardener",Interaction,1
Ritual of the Machine,"Gisa, Zombie Gardener",Interaction,1
Shepherd of Rot,"Gisa, Zombie Gardener",Zombie Pinging,1
"Sidisi, Undead Vizier","Gisa, Zombie Gardener",Card Adv,1
Skinrender,"Gisa, Zombie Gardener",Zombie Synergy,1
Spymaster's Vault,"Gisa, Zombie Gardener",,1
Stitcher's Supplier,"Gisa, Zombie Gardener",Graveyard,1
Swamp,"Gisa, Zombie Gardener",,28
Tombstone Stairwell,"Gisa, Zombie Gardener",Zombie Synergy,1
Transmogrant's Crown,"Gisa, Zombie Gardener",Card Adv,1
Undead Augur,"Gisa, Zombie Gardener",Card Adv,1
Undead Butler,"Gisa, Zombie Gardener",Graveyard,1
Vengeful Dead,"Gisa, Zombie Gardener",Zombie Pinging,1
Victimize,"Gisa, Zombie Gardener",Graveyard,1
Vindictive Lich,"Gisa, Zombie Gardener",Interaction,1
"Vogar, Necropolis Tyrant","Gisa, Zombie Gardener",Card Adv,1
Wayfarer's Bauble,"Gisa, Zombie Gardener",Ramp,1
Witch's Cottage,"Gisa, Zombie Gardener",Graveyard,1
Zombie Master,"Gisa, Zombie Gardener",Zombie Synergy,1
Arcane Lighthouse,Vaevictis's Slot Machines,Utility,1
Armored Scrapgorger,Vaevictis's Slot Machines,Ramp,1
"Ziatora, the Incinerator",Vaevictis's Slot Machines,Target,1
Awakening Zone,Vaevictis's Slot Machines,Fodder,1
Beast Whisperer,Vaevictis's Slot Machines,Card Adv,1
Binding the Old Gods,Vaevictis's Slot Machines,Removal,1
Blackcleave Cliffs,Vaevictis's Slot Machines,,1
Blast-Furnace Hellkite,Vaevictis's Slot Machines,Target,1
Blooming Marsh,Vaevictis's Slot Machines,,1
Cinder Glade,Vaevictis's Slot Machines,,1
Command Tower,Vaevictis's Slot Machines,,1
Conch Horn,Vaevictis's Slot Machines,Top Deck,1
Copperline Gorge,Vaevictis's Slot Machines,,1
Court of Bounty,Vaevictis's Slot Machines,Card Adv,1
Crater Hellion,Vaevictis's Slot Machines,Wipe,1
Deathcap Glade,Vaevictis's Slot Machines,,1
Spinner of Souls,Vaevictis's Slot Machines,Card Adv,1
Demon of Dark Schemes,Vaevictis's Slot Machines,Wipe,1
Disciple of Bolas,Vaevictis's Slot Machines,Card Adv,1
Dragonskull Summit,Vaevictis's Slot Machines,,1
Druid of Purification,Vaevictis's Slot Machines,Removal,1
"Etali, Primal Storm",Vaevictis's Slot Machines,Target,1
Eternal Witness,Vaevictis's Slot Machines,Utility,1
Exotic Orchard,Vaevictis's Slot Machines,,1
Forest,Vaevictis's Slot Machines,,4
Fyndhorn Elves,Vaevictis's Slot Machines,Ramp,1
"Gisa, Glorious Resurrector",Vaevictis's Slot Machines,Fodder,1
Greater Good,Vaevictis's Slot Machines,Card Adv,1
Green Slime,Vaevictis's Slot Machines,Interaction,1
"Braids, Arisen Nightmare",Vaevictis's Slot Machines,Interaction,1
Harvester of Souls,Vaevictis's Slot Machines,Card Adv,1
Haunted Crossroads,Vaevictis's Slot Machines,Top Deck,1
Haunted Ridge,Vaevictis's Slot Machines,,1
High-Society Hunter,Vaevictis's Slot Machines,Card Adv,1
Honest Rutstein,Vaevictis's Slot Machines,Utility,1
Ignoble Hierarch,Vaevictis's Slot Machines,Ramp,1
"Ilharg, the Raze-Boar",Vaevictis's Slot Machines,Cheat in2 Play,1
Karplusan Forest,Vaevictis's Slot Machines,,1
Khalni Garden,Vaevictis's Slot Machines,,1
Kher Keep,Vaevictis's Slot Machines,Fodder,1
Kodama of the East Tree,Vaevictis's Slot Machines,Cheat in2 Play,1
"Korvold, Fae-Cursed King",Vaevictis's Slot Machines,Card Adv,1
Llanowar Elves,Vaevictis's Slot Machines,Ramp,1
Llanowar Wastes,Vaevictis's Slot Machines,,1
Luxury Suite,Vaevictis's Slot Machines,,1
Manglehorn,Vaevictis's Slot Machines,Removal,1
Massacre Wurm,Vaevictis's Slot Machines,Wipe,1
Mayhem Devil,Vaevictis's Slot Machines,Interaction,1
Mimic Vat,Vaevictis's Slot Machines,Fodder,1
Molten Primordial,Vaevictis's Slot Machines,Target,1
Monster Manual // Zoological Study,Vaevictis's Slot Machines,Cheat in2 Play,1
Morbid Opportunist,Vaevictis's Slot Machines,Card Adv,1
Mosswood Dreadknight // Dread Whispers,Vaevictis's Slot Machines,Card Adv,1
Mountain,Vaevictis's Slot Machines,,3
Noxious Gearhulk,Vaevictis's Slot Machines,Removal,1
Overseer of the Damned,Vaevictis's Slot Machines,Fodder,1
Pernicious Deed,Vaevictis's Slot Machines,Wipe,1
Pyxis of Pandemonium,Vaevictis's Slot Machines,Cheat in2 Play,1
"Radha, Heart of Keld",Vaevictis's Slot Machines,Top Deck,1
Ravenous Chupacabra,Vaevictis's Slot Machines,Removal,1
Reclamation Sage,Vaevictis's Slot Machines,Removal,1
Rhythm of the Wild,Vaevictis's Slot Machines,Utility,1
Rockfall Vale,Vaevictis's Slot Machines,,1
Rootbound Crag,Vaevictis's Slot Machines,,1
"Ob Nixilis, Unshackled",Vaevictis's Slot Machines,Target,1
Sakura-Tribe Elder,Vaevictis's Slot Machines,Ramp,1
Vernal Fen,Vaevictis's Slot Machines,,1
Sepulchral Primordial,Vaevictis's Slot Machines,Target,1
Shriekmaw,Vaevictis's Slot Machines,Removal,1
Smoldering Marsh,Vaevictis's Slot Machines,,1
Sneak Attack,Vaevictis's Slot Machines,Cheat in2 Play,1
Solemn Simulacrum,Vaevictis's Slot Machines,Ramp,1
Spire Garden,Vaevictis's Slot Machines,,1
Springbloom Druid,Vaevictis's Slot Machines,Ramp,1
Stalking Vengeance,Vaevictis's Slot Machines,Target,1
Sulfurous Springs,Vaevictis's Slot Machines,,1
Swamp,Vaevictis's Slot Machines,,3
Swiftfoot Boots,Vaevictis's Slot Machines,Interaction,1
Temple of Abandon,Vaevictis's Slot Machines,Top Deck,1
Temple of Malady,Vaevictis's Slot Machines,Top Deck,1
Temple of Malice,Vaevictis's Slot Machines,Top Deck,1
Horizon Explorer,Vaevictis's Slot Machines,Ramp,1
Tireless Provisioner,Vaevictis's Slot Machines,Fodder,1
Tireless Tracker,Vaevictis's Slot Machines,Fodder,1
Twilight Mire,Vaevictis's Slot Machines,,1
Undergrowth Stadium,Vaevictis's Slot Machines,,1
"Vaevictis Asmadi, the Dire",Vaevictis's Slot Machines,Cheat in2 Play,1
Wild Growth,Vaevictis's Slot Machines,Ramp,1
Wood Elves,Vaevictis's Slot Machines,Ramp,1
Woodfall Primus,Vaevictis's Slot Machines,Target,1
Woodland Cemetery,Vaevictis's Slot Machines,,1
Yavimaya Dryad,Vaevictis's Slot Machines,Ramp,1
"Zariel, Archduke of Avernus",Vaevictis's Slot Machines,Fodder,1
Adarkar Wastes,"Tuvasa, Prequel to Threevasa",,1
Ajani's Chosen,"Tuvasa, Prequel to Threevasa",Tokens,1
All That Glitters,"Tuvasa, Prequel to Threevasa",Voltron,1
Alpha Authority,"Tuvasa, Prequel to Threevasa",Enchant Synergy,1
Amphibian Downpour,"Tuvasa, Prequel to Threevasa",Interaction,1
Ancestral Mask,"Tuvasa, Prequel to Threevasa",Voltron,1
Archon of Sun's Grace,"Tuvasa, Prequel to Threevasa",Tokens,1
Armadillo Cloak,"Tuvasa, Prequel to Threevasa",Voltron,1
Armored Skyhunter,"Tuvasa, Prequel to Threevasa",Card Adv,1
Aura of Silence,"Tuvasa, Prequel to Threevasa",Tax/Stax,1
Bala Ged Recovery // Bala Ged Sanctuary,"Tuvasa, Prequel to Threevasa",Utility,1
Bear Umbra,"Tuvasa, Prequel to Threevasa",Voltron,1
Botanical Sanctum,"Tuvasa, Prequel to Threevasa",,1
"Bruna, Light of Alabaster","Tuvasa, Prequel to Threevasa",Haymaker,1
Brushland,"Tuvasa, Prequel to Threevasa",,1
"Calix, Guided by Fate","Tuvasa, Prequel to Threevasa",Enchant Synergy,1
Canopy Vista,"Tuvasa, Prequel to Threevasa",,1
Command Tower,"Tuvasa, Prequel to Threevasa",,1
Corrupted Conscience,"Tuvasa, Prequel to Threevasa",Voltron,1
Deserted Beach,"Tuvasa, Prequel to Threevasa",,1
Destiny Spinner,"Tuvasa, Prequel to Threevasa",Enchant Synergy,1
Dovin's Veto,"Tuvasa, Prequel to Threevasa",Interaction,1
Dreamroot Cascade,"Tuvasa, Prequel to Threevasa",,1
Duelist's Heritage,"Tuvasa, Prequel to Threevasa",Interaction,1
Eaten by Piranhas,"Tuvasa, Prequel to Threevasa",Interaction,1
Eidolon of Blossoms,"Tuvasa, Prequel to Threevasa",Card Adv,1
Eldrazi Conscription,"Tuvasa, Prequel to Threevasa",Haymaker,1
Enchantress's Presence,"Tuvasa, Prequel to Threevasa",Card Adv,1
Energy Flux,"Tuvasa, Prequel to Threevasa",Tax/Stax,1
Ethereal Armor,"Tuvasa, Prequel to Threevasa",Voltron,1
Farewell,"Tuvasa, Prequel to Threevasa",Interaction,1
Felidar Umbra,"Tuvasa, Prequel to Threevasa",Voltron,1
Fertile Ground,"Tuvasa, Prequel to Threevasa",Ramp,1
Flickering Ward,"Tuvasa, Prequel to Threevasa",Protection,1
Forest,"Tuvasa, Prequel to Threevasa",,3
Glacial Fortress,"Tuvasa, Prequel to Threevasa",,1
Gossamer Chains,"Tuvasa, Prequel to Threevasa",Tax/Stax,1
Grasp of Fate,"Tuvasa, Prequel to Threevasa",Interaction,1
Guardian Scalelord,"Tuvasa, Prequel to Threevasa",Utility,1
Hallowed Haunting,"Tuvasa, Prequel to Threevasa",Tokens,1
"Heliod, God of the Sun","Tuvasa, Prequel to Threevasa",,1
Herald of the Pantheon,"Tuvasa, Prequel to Threevasa",Ramp,1
Hindering Light,"Tuvasa, Prequel to Threevasa",Interaction,1
Hinterland Harbor,"Tuvasa, Prequel to Threevasa",,1
Imprisoned in the Moon,"Tuvasa, Prequel to Threevasa",Interaction,1
Irrigated Farmland,"Tuvasa, Prequel to Threevasa",,1
Island,"Tuvasa, Prequel to Threevasa",,3
"Ivy, Gleeful Spellthief","Tuvasa, Prequel to Threevasa",Enchant Synergy,1
Jukai Naturalist,"Tuvasa, Prequel to Threevasa",Ramp,1
Kenrith's Transformation,"Tuvasa, Prequel to Threevasa",Interaction,1
Kor Spiritdancer,"Tuvasa, Prequel to Threevasa",Card Adv,1
Mesa Enchantress,"Tuvasa, Prequel to Threevasa",Card Adv,1
Nessian Wanderer,"Tuvasa, Prequel to Threevasa",Card Adv,1
Nimbus Maze,"Tuvasa, Prequel to Threevasa",,1
Nylea's Colossus,"Tuvasa, Prequel to Threevasa",Haymaker,1
Ondu Spiritdancer,"Tuvasa, Prequel to Threevasa",Enchant Synergy,1
Overgrown Farmland,"Tuvasa, Prequel to Threevasa",,1
Plains,"Tuvasa, Prequel to Threevasa",,3
Prairie Stream,"Tuvasa, Prequel to Threevasa",,1
Promise of Loyalty,"Tuvasa, Prequel to Threevasa",Interaction,1
Propaganda,"Tuvasa, Prequel to Threevasa",Tax/Stax,1
Rancor,"Tuvasa, Prequel to Threevasa",Voltron,1
Razorverge Thicket,"Tuvasa, Prequel to Threevasa",,1
Rejuvenating Springs,"Tuvasa, Prequel to Threevasa",,1
Sage's Reverie,"Tuvasa, Prequel to Threevasa",Voltron,1
Sanctum Weaver,"Tuvasa, Prequel to Threevasa",Ramp,1
Satyr Enchanter,"Tuvasa, Prequel to Threevasa",Card Adv,1
Scattered Groves,"Tuvasa, Prequel to Threevasa",,1
Sea of Clouds,"Tuvasa, Prequel to Threevasa",,1
Seachrome Coast,"Tuvasa, Prequel to Threevasa",,1
Seaside Citadel,"Tuvasa, Prequel to Threevasa",,1
Setessan Champion,"Tuvasa, Prequel to Threevasa",Card Adv,1
Shield of the Oversoul,"Tuvasa, Prequel to Threevasa",Protection,1
Shielded by Faith,"Tuvasa, Prequel to Threevasa",Protection,1
"Shigeki, Jukai Visionary","Tuvasa, Prequel to Threevasa",Ramp,1
Sigil of the Empty Throne,"Tuvasa, Prequel to Threevasa",Tokens,1
Sovereigns of Lost Alara,"Tuvasa, Prequel to Threevasa",Voltron,1
Sphere of Safety,"Tuvasa, Prequel to Threevasa",Tax/Stax,1
Spirit Mantle,"Tuvasa, Prequel to Threevasa",Protection,1
Steel of the Godhead,"Tuvasa, Prequel to Threevasa",Voltron,1
Stony Silence,"Tuvasa, Prequel to Threevasa",Tax/Stax,1
Strength of the Harvest // Haven of the Harvest,"Tuvasa, Prequel to Threevasa",Enchant Synergy,1
Sunpetal Grove,"Tuvasa, Prequel to Threevasa",,1
"Sythis, Harvest's Hand","Tuvasa, Prequel to Threevasa",Card Adv,1
Temple of Enlightenment,"Tuvasa, Prequel to Threevasa",,1
Temple of Plenty,"Tuvasa, Prequel to Threevasa",,1
Tuvasa the Sunlit,"Tuvasa, Prequel to Threevasa",Card Adv,1
Valgavoth's Lair,"Tuvasa, Prequel to Threevasa",,1
Vanishing,"Tuvasa, Prequel to Threevasa",Protection,1
Waterlogged Grove,"Tuvasa, Prequel to Threevasa",,1
Wild Growth,"Tuvasa, Prequel to Threevasa",Ramp,1
Winds of Rath,"Tuvasa, Prequel to Threevasa",Interaction,1
Words of Wind,"Tuvasa, Prequel to Threevasa",Interaction,1
Yavimaya Coast,"Tuvasa, Prequel to Threevasa",,1
Aberrant Return,"Vohar, Terrible Lifeguard",Reanimation,1
All-Seeing Arbiter,"Vohar, Terrible Lifeguard",Target,1
An Offer You Can't Refuse,"Vohar, Terrible Lifeguard",Interaction,1
Animate Dead,"Vohar, Terrible Lifeguard",Reanimation,1
Arcane Denial,"Vohar, Terrible Lifeguard",Interaction,1
Archon of Cruelty,"Vohar, Terrible Lifeguard",Target,1
Astral Dragon,"Vohar, Terrible Lifeguard",Target,1
Body Double,"Vohar, Terrible Lifeguard",Reanimation,1
Boggart Trawler // Boggart Bog,"Vohar, Terrible Lifeguard",Utility,1
Bojuka Bog,"Vohar, Terrible Lifeguard",Interaction,1
Breach the Multiverse,"Vohar, Terrible Lifeguard",Reanimation,1
Burning-Rune Demon,"Vohar, Terrible Lifeguard",Target,1
Careful Study,"Vohar, Terrible Lifeguard",Velocity,1
Cephalid Coliseum,"Vohar, Terrible Lifeguard",Utility,1
Chart a Course,"Vohar, Terrible Lifeguard",Velocity,1
Circular Logic,"Vohar, Terrible Lifeguard",Interaction,1
Coiling Rebirth,"Vohar, Terrible Lifeguard",Reanimation,1
Command Tower,"Vohar, Terrible Lifeguard",,1
Connive // Concoct,"Vohar, Terrible Lifeguard",Reanimation,1
Counterspell,"Vohar, Terrible Lifeguard",Interaction,1
Curator of Destinies,"Vohar, Terrible Lifeguard",Target,1
Dark Withering,"Vohar, Terrible Lifeguard",Removal,1
Darkwater Catacombs,"Vohar, Terrible Lifeguard",,1
Deadly Tempest,"Vohar, Terrible Lifeguard",Removal,1
Demon of Dark Schemes,"Vohar, Terrible Lifeguard",Target,1
Diabolic Servitude,"Vohar, Terrible Lifeguard",Reanimation,1
Dihada's Ploy,"Vohar, Terrible Lifeguard",Velocity,1
Diluvian Primordial,"Vohar, Terrible Lifeguard",Target,1
Dimir Aqueduct,"Vohar, Terrible Lifeguard",,1
Doom Whisperer,"Vohar, Terrible Lifeguard",Target,1
Dread Return,"Vohar, Terrible Lifeguard",Reanimation,1
Drowned Catacomb,"Vohar, Terrible Lifeguard",,1
Dusk Mangler,"Vohar, Terrible Lifeguard",Target,1
Ever After,"Vohar, Terrible Lifeguard",Reanimation,1
Exhume,"Vohar, Terrible Lifeguard",Reanimation,1
Extract from Darkness,"Vohar, Terrible Lifeguard",Reanimation,1
Feed the Swarm,"Vohar, Terrible Lifeguard",Removal,1
Fetid Pools,"Vohar, Terrible Lifeguard",,1
Frantic Search,"Vohar, Terrible Lifeguard",Velocity,1
Geier Reach Sanitarium,"Vohar, Terrible Lifeguard",Velocity,1
Glasspool Mimic // Glasspool Shore,"Vohar, Terrible Lifeguard",Utility,1
Guildless Commons,"Vohar, Terrible Lifeguard",,1
"Gyruda, Doom of Depths","Vohar, Terrible Lifeguard",Target,1
Hydroelectric Specimen // Hydroelectric Laboratory,"Vohar, Terrible Lifeguard",,1
Incarnation Technique,"Vohar, Terrible Lifeguard",Reanimation,1
Island,"Vohar, Terrible Lifeguard",,5
Living Death,"Vohar, Terrible Lifeguard",Reanimation,1
Lord of Change,"Vohar, Terrible Lifeguard",Target,1
Lord of the Void,"Vohar, Terrible Lifeguard",Target,1
Makeshift Mannequin,"Vohar, Terrible Lifeguard",Reanimation,1
Malakir Rebirth // Malakir Mire,"Vohar, Terrible Lifeguard",Reanimation,1
Mystic Sanctuary,"Vohar, Terrible Lifeguard",Utility,1
"Nezahal, Primal Tide","Vohar, Terrible Lifeguard",Target,1
Overwhelming Remorse,"Vohar, Terrible Lifeguard",Removal,1
Persist,"Vohar, Terrible Lifeguard",Reanimation,1
Port of Karfell,"Vohar, Terrible Lifeguard",Utility,1
Reanimate,"Vohar, Terrible Lifeguard",Reanimation,1
Resculpt,"Vohar, Terrible Lifeguard",Removal,1
Restless Reef,"Vohar, Terrible Lifeguard",Utility,1
River of Tears,"Vohar, Terrible Lifeguard",,1
Scholar of the Lost Trove,"Vohar, Terrible Lifeguard",Target,1
Scourge of Fleets,"Vohar, Terrible Lifeguard",Target,1
Sepulchral Primordial,"Vohar, Terrible Lifeguard",Target,1
Shadowgrange Archfiend,"Vohar, Terrible Lifeguard",Target,1
Shard of the Void Dragon,"Vohar, Terrible Lifeguard",Target,1
"Sheoldred, Whispering One","Vohar, Terrible Lifeguard",Target,1
Shipwreck Marsh,"Vohar, Terrible Lifeguard",Utility,1
Soul Exchange,"Vohar, Terrible Lifeguard",Reanimation,1
Sphinx of the Second Sun,"Vohar, Terrible Lifeguard",Target,1
Sphinx of Uthuun,"Vohar, Terrible Lifeguard",Target,1
Spymaster's Vault,"Vohar, Terrible Lifeguard",Utility,1
Stitch Together,"Vohar, Terrible Lifeguard",Reanimation,1
Summon Undead,"Vohar, Terrible Lifeguard",Reanimation,1
Sunken Hollow,"Vohar, Terrible Lifeguard",,1
Swamp,"Vohar, Terrible Lifeguard",,5
Tainted Indulgence,"Vohar, Terrible Lifeguard",Velocity,1
Tainted Isle,"Vohar, Terrible Lifeguard",,1
Thirst for Discovery,"Vohar, Terrible Lifeguard",Velocity,1
Thirst for Identity,"Vohar, Terrible Lifeguard",Velocity,1
Tidal Force,"Vohar, Terrible Lifeguard",Target,1
Tomb Fortress,"Vohar, Terrible Lifeguard",Reanimation,1
Twilight's Call,"Vohar, Terrible Lifeguard",Reanimation,1
Underground River,"Vohar, Terrible Lifeguard",,1
Victimize,"Vohar, Terrible Lifeguard",Reanimation,1
Vile Mutilator,"Vohar, Terrible Lifeguard",Target,1
"Vohar, Vodalian Desecrator","Vohar, Terrible Lifeguard",Velocity,1
Wail of the Forgotten,"Vohar, Terrible Lifeguard",Interaction,1
Will of the Abzan,"Vohar, Terrible Lifeguard",Reanimation,1
Winternight Stories,"Vohar, Terrible Lifeguard",Velocity,1
Yawgmoth's Vile Offering,"Vohar, Terrible Lifeguard",Reanimation,1
You Find the Villains' Lair,"Vohar, Terrible Lifeguard",Velocity,1
Zombify,"Vohar, Terrible Lifeguard",Reanimation,1
"Ajani, Caller of the Pride",A Refined Grizzly of Noble Heritage,Add +1,1
Basilisk Collar,A Refined Grizzly of Noble Heritage,Voltron,1
Blacksmith's Skill,A Refined Grizzly of Noble Heritage,Protection,1
Bonders' Enclave,A Refined Grizzly of Noble Heritage,Card Adv,1
Bountiful Promenade,A Refined Grizzly of Noble Heritage,,1
Branchloft Pathway // Boulderloft Pathway,A Refined Grizzly of Noble Heritage,,1
Brushland,A Refined Grizzly of Noble Heritage,,1
Bulwark Ox,A Refined Grizzly of Noble Heritage,Protection,1
Bushwhack,A Refined Grizzly of Noble Heritage,Utility,1
Canopy Vista,A Refined Grizzly of Noble Heritage,,1
Collective Resistance,A Refined Grizzly of Noble Heritage,Utility,1
Command Beacon,A Refined Grizzly of Noble Heritage,Voltron,1
Command Tower,A Refined Grizzly of Noble Heritage,,1
Conclave Mentor,A Refined Grizzly of Noble Heritage,Synergy +1,1
Contest of Claws,A Refined Grizzly of Noble Heritage,Removal,1
Doomskar Warrior,A Refined Grizzly of Noble Heritage,Card Adv,1
Dromoka's Command,A Refined Grizzly of Noble Heritage,Utility,1
Dueling Grounds,A Refined Grizzly of Noble Heritage,Voltron,1
Duelist's Heritage,A Refined Grizzly of Noble Heritage,Politics,1
Esper Sentinel,A Refined Grizzly of Noble Heritage,Card Adv,1
Evolutionary Escalation,A Refined Grizzly of Noble Heritage,Add +1,1
Fangs of Kalonia,A Refined Grizzly of Noble Heritage,Add +1,1
Forest,A Refined Grizzly of Noble Heritage,,7
Forgotten Ancient,A Refined Grizzly of Noble Heritage,Synergy +1,1
Gaea's Gift,A Refined Grizzly of Noble Heritage,Protection,1
Generous Gift,A Refined Grizzly of Noble Heritage,Removal,1
Gift of the Viper,A Refined Grizzly of Noble Heritage,Utility,1
"Gluntch, the Bestower",A Refined Grizzly of Noble Heritage,Politics,1
Hardened Scales,A Refined Grizzly of Noble Heritage,Synergy +1,1
Homeward Path,A Refined Grizzly of Noble Heritage,Utility,1
Hunter's Insight,A Refined Grizzly of Noble Heritage,Card Adv,1
Hunter's Prowess,A Refined Grizzly of Noble Heritage,Card Adv,1
Hushwood Verge,A Refined Grizzly of Noble Heritage,,1
Hydra's Growth,A Refined Grizzly of Noble Heritage,Add +1,1
Inscription of Abundance,A Refined Grizzly of Noble Heritage,Utility,1
Kami of Whispered Hopes,A Refined Grizzly of Noble Heritage,Synergy +1,1
Keen Sense,A Refined Grizzly of Noble Heritage,Card Adv,1
Khalni Ambush // Khalni Territory,A Refined Grizzly of Noble Heritage,Removal,1
"Kutzil, Malamet Exemplar",A Refined Grizzly of Noble Heritage,Card Adv,1
Lapse of Certainty,A Refined Grizzly of Noble Heritage,Protection,1
Lion Sash,A Refined Grizzly of Noble Heritage,Utility,1
Mosswort Bridge,A Refined Grizzly of Noble Heritage,,1
Mother of Runes,A Refined Grizzly of Noble Heritage,Protection,1
"Nils, Discipline Enforcer",A Refined Grizzly of Noble Heritage,Politics,1
Noble Heritage,A Refined Grizzly of Noble Heritage,Politics,1
Obscuring Haze,A Refined Grizzly of Noble Heritage,Protection,1
One with Nature,A Refined Grizzly of Noble Heritage,Ramp,1
Ordeal of Nylea,A Refined Grizzly of Noble Heritage,Ramp,1
Orzhov Advokist,A Refined Grizzly of Noble Heritage,Politics,1
Overgrown Farmland,A Refined Grizzly of Noble Heritage,,1
Plains,A Refined Grizzly of Noble Heritage,,6
Predatory Hunger,A Refined Grizzly of Noble Heritage,Add +1,1
Promise of Loyalty,A Refined Grizzly of Noble Heritage,Board Wipe,1
Qasali Pridemage,A Refined Grizzly of Noble Heritage,Removal,1
Ram Through,A Refined Grizzly of Noble Heritage,Removal,1
Razorverge Thicket,A Refined Grizzly of Noble Heritage,,1
Return of the Wildspeaker,A Refined Grizzly of Noble Heritage,Card Adv,1
Rishkar's Expertise,A Refined Grizzly of Noble Heritage,Card Adv,1
Rogue's Passage,A Refined Grizzly of Noble Heritage,Voltron,1
Ruinous Intrusion,A Refined Grizzly of Noble Heritage,Removal,1
Sculpted Sunburst,A Refined Grizzly of Noble Heritage,Board Wipe,1
Secret Rendezvous,A Refined Grizzly of Noble Heritage,Card Adv,1
Sejiri Shelter // Sejiri Glacier,A Refined Grizzly of Noble Heritage,Protection,1
Sejiri Steppe,A Refined Grizzly of Noble Heritage,Protection,1
Selfless Samurai,A Refined Grizzly of Noble Heritage,Voltron,1
Shelter,A Refined Grizzly of Noble Heritage,Protection,1
Single Combat,A Refined Grizzly of Noble Heritage,Board Wipe,1
Sixth Sense,A Refined Grizzly of Noble Heritage,Card Adv,1
Slash the Ranks,A Refined Grizzly of Noble Heritage,Board Wipe,1
Slippery Bogbonder,A Refined Grizzly of Noble Heritage,Protection,1
Soul's Majesty,A Refined Grizzly of Noble Heritage,Card Adv,1
Stroke of Midnight,A Refined Grizzly of Noble Heritage,Removal,1
Sungrass Prairie,A Refined Grizzly of Noble Heritage,,1
Sunpetal Grove,A Refined Grizzly of Noble Heritage,,1
Take Up the Shield,A Refined Grizzly of Noble Heritage,Protection,1
Temple Garden,A Refined Grizzly of Noble Heritage,,1
Thickest in the Thicket,A Refined Grizzly of Noble Heritage,Card Adv,1
Tragic Arrogance,A Refined Grizzly of Noble Heritage,Board Wipe,1
Tyrite Sanctum,A Refined Grizzly of Noble Heritage,Voltron,1
Tyvar's Stand,A Refined Grizzly of Noble Heritage,Protection,1
Ulvenwald Tracker,A Refined Grizzly of Noble Heritage,Removal,1
Unquestioned Authority,A Refined Grizzly of Noble Heritage,Voltron,1
"Urdnan, Dromoka Warrior",A Refined Grizzly of Noble Heritage,Synergy +1,1
Valorous Stance,A Refined Grizzly of Noble Heritage,Utility,1
Vines of Vastwood,A Refined Grizzly of Noble Heritage,Protection,1
War Room,A Refined Grizzly of Noble Heritage,Card Adv,1
"Wilson, Refined Grizzly",A Refined Grizzly of Noble Heritage,Voltron,1
Witch Enchanter // Witch-Blessed Meadow,A Refined Grizzly of Noble Heritage,Removal,1
Wooded Bastion,A Refined Grizzly of Noble Heritage,,1
"Aesi, Tyrant of Gyre Strait",Averna Cascade (Joe G),,1
Ancestral Vision,Averna Cascade (Joe G),,1
"Animar, Soul of Elements",Averna Cascade (Joe G),,1
Annoyed Altisaur,Averna Cascade (Joe G),,1
Apex Devastator,Averna Cascade (Joe G),,1
Arcane Signet,Averna Cascade (Joe G),,1
Aurora Phoenix,Averna Cascade (Joe G),,1
Avenger of Zendikar,Averna Cascade (Joe G),,1
"Averna, the Chaos Bloom",Averna Cascade (Joe G),,1
Beast Whisperer,Averna Cascade (Joe G),,1
Beast Within,Averna Cascade (Joe G),,1
Blasphemous Act,Averna Cascade (Joe G),,1
Bloodbraid Elf,Averna Cascade (Joe G),,1
Boarding Party,Averna Cascade (Joe G),,1
Brainstorm,Averna Cascade (Joe G),,1
Chaos Warp,Averna Cascade (Joe G),,1
Cinder Glade,Averna Cascade (Joe G),,1
Coiling Oracle,Averna Cascade (Joe G),,1
Command Tower,Averna Cascade (Joe G),,1
Crystal Shard,Averna Cascade (Joe G),,1
Cultivate,Averna Cascade (Joe G),,1
End-Raze Forerunners,Averna Cascade (Joe G),,1
"Etali, Primal Storm",Averna Cascade (Joe G),,1
Eternal Witness,Averna Cascade (Joe G),,1
Etherium-Horn Sorcerer,Averna Cascade (Joe G),,1
Evacuation,Averna Cascade (Joe G),,1
Evolving Wilds,Averna Cascade (Joe G),,1
Farseek,Averna Cascade (Joe G),,1
Flamekin Herald,Averna Cascade (Joe G),,1
Forceful Denial,Averna Cascade (Joe G),,1
Forest,Averna Cascade (Joe G),,8
Frontier Bivouac,Averna Cascade (Joe G),,1
Genesis Ultimatum,Averna Cascade (Joe G),,1
Growth Spiral,Averna Cascade (Joe G),,1
Gruul Turf,Averna Cascade (Joe G),,1
Harrow,Averna Cascade (Joe G),,1
"Imoti, Celebrant of Bounty",Averna Cascade (Joe G),,1
Island,Averna Cascade (Joe G),,5
Izzet Boilerworks,Averna Cascade (Joe G),,1
Kodama of the East Tree,Averna Cascade (Joe G),,1
Kodama's Reach,Averna Cascade (Joe G),,1
Lotus Cobra,Averna Cascade (Joe G),,1
Maelstrom Colossus,Averna Cascade (Joe G),,1
Maelstrom Wanderer,Averna Cascade (Joe G),,1
"Moraug, Fury of Akoum",Averna Cascade (Joe G),,1
Mossfire Valley,Averna Cascade (Joe G),,1
Mountain,Averna Cascade (Joe G),,6
Natural Reclamation,Averna Cascade (Joe G),,1
"Nylea, God of the Hunt",Averna Cascade (Joe G),,1
"Nylea, Keen-Eyed",Averna Cascade (Joe G),,1
"Omnath, Locus of Rage",Averna Cascade (Joe G),,1
"Phylath, World Sculptor",Averna Cascade (Joe G),,1
Rampaging Baloths,Averna Cascade (Joe G),,1
Reclamation Sage,Averna Cascade (Joe G),,1
Rejuvenating Springs,Averna Cascade (Joe G),,1
Reliquary Tower,Averna Cascade (Joe G),,1
Rhythm of the Wild,Averna Cascade (Joe G),,1
Rishkar's Expertise,Averna Cascade (Joe G),,1
Sakashima's Protege,Averna Cascade (Joe G),,1
Scute Swarm,Averna Cascade (Joe G),,1
Shardless Agent,Averna Cascade (Joe G),,1
Shivan Reef,Averna Cascade (Joe G),,1
Simic Growth Chamber,Averna Cascade (Joe G),,1
Sol Ring,Averna Cascade (Joe G),,1
Spire Garden,Averna Cascade (Joe G),,1
Sunbird's Invocation,Averna Cascade (Joe G),,1
Surrak Dragonclaw,Averna Cascade (Joe G),,1
Sweet-Gum Recluse,Averna Cascade (Joe G),,1
"Tatyova, Benthic Druid",Averna Cascade (Joe G),,1
Temple of Abandon,Averna Cascade (Joe G),,1
Temple of Epiphany,Averna Cascade (Joe G),,1
Temple of Mystery,Averna Cascade (Joe G),,1
Temur Ascendancy,Averna Cascade (Joe G),,1
Temur Sabertooth,Averna Cascade (Joe G),,1
Terramorphic Expanse,Averna Cascade (Joe G),,1
Three Visits,Averna Cascade (Joe G),,1
Throes of Chaos,Averna Cascade (Joe G),,1
Tireless Provisioner,Averna Cascade (Joe G),,1
Training Center,Averna Cascade (Joe G),,1
"Vivien, Champion of the Wilds",Averna Cascade (Joe G),,1
Volcanic Torrent,Averna Cascade (Joe G),,1
Warstorm Surge,Averna Cascade (Joe G),,1
Wild-Magic Sorcerer,Averna Cascade (Joe G),,1
Yavimaya Coast,Averna Cascade (Joe G),,1
"Akiri, Fearless Voyager",Syr Gwyn Knights Voltron (Joe G),,1
Akroma's Will,Syr Gwyn Knights Voltron (Joe G),,1
Anguished Unmaking,Syr Gwyn Knights Voltron (Joe G),,1
Arcane Signet,Syr Gwyn Knights Voltron (Joe G),,1
Argentum Armor,Syr Gwyn Knights Voltron (Joe G),,1
Arid Mesa,Syr Gwyn Knights Voltron (Joe G),,1
Armored Skyhunter,Syr Gwyn Knights Voltron (Joe G),,1
"Aurelia, the Warleader",Syr Gwyn Knights Voltron (Joe G),,1
Axgard Armory,Syr Gwyn Knights Voltron (Joe G),,1
"Balan, Wandering Knight",Syr Gwyn Knights Voltron (Joe G),,1
Battle Angels of Tyr,Syr Gwyn Knights Voltron (Joe G),,1
Blackblade Reforged,Syr Gwyn Knights Voltron (Joe G),,1
Blood Crypt,Syr Gwyn Knights Voltron (Joe G),,1
Bloodstained Mire,Syr Gwyn Knights Voltron (Joe G),,1
Bojuka Bog,Syr Gwyn Knights Voltron (Joe G),,1
Boros Charm,Syr Gwyn Knights Voltron (Joe G),,1
Boros Signet,Syr Gwyn Knights Voltron (Joe G),,1
Clifftop Retreat,Syr Gwyn Knights Voltron (Joe G),,1
Colossus Hammer,Syr Gwyn Knights Voltron (Joe G),,1
Command Tower,Syr Gwyn Knights Voltron (Joe G),,1
"Danitha Capashen, Paragon",Syr Gwyn Knights Voltron (Joe G),,1
"Danitha, Benalia's Hope",Syr Gwyn Knights Voltron (Joe G),,1
Darksteel Plate,Syr Gwyn Knights Voltron (Joe G),,1
Dowsing Dagger // Lost Vale,Syr Gwyn Knights Voltron (Joe G),,1
Dragonskull Summit,Syr Gwyn Knights Voltron (Joe G),,1
"Eiganjo, Seat of the Empire",Syr Gwyn Knights Voltron (Joe G),,1
Embercleave,Syr Gwyn Knights Voltron (Joe G),,1
Farewell,Syr Gwyn Knights Voltron (Joe G),,1
Fetid Heath,Syr Gwyn Knights Voltron (Joe G),,1
Fiendslayer Paladin,Syr Gwyn Knights Voltron (Joe G),,1
Fighter Class,Syr Gwyn Knights Voltron (Joe G),,1
Flawless Maneuver,Syr Gwyn Knights Voltron (Joe G),,1
Forging the Tyrite Sword,Syr Gwyn Knights Voltron (Joe G),,1
Generous Gift,Syr Gwyn Knights Voltron (Joe G),,1
Godless Shrine,Syr Gwyn Knights Voltron (Joe G),,1
"Godo, Bandit Warlord",Syr Gwyn Knights Voltron (Joe G),,1
Graven Cairns,Syr Gwyn Knights Voltron (Joe G),,1
"Halvar, God of Battle // Sword of the Realms",Syr Gwyn Knights Voltron (Joe G),,1
Hammer of Nazahn,Syr Gwyn Knights Voltron (Joe G),,1
Haunted Ridge,Syr Gwyn Knights Voltron (Joe G),,1
Isolated Chapel,Syr Gwyn Knights Voltron (Joe G),,1
Jeska's Will,Syr Gwyn Knights Voltron (Joe G),,1
Kaldra Compleat,Syr Gwyn Knights Voltron (Joe G),,1
Knight Exemplar,Syr Gwyn Knights Voltron (Joe G),,1
Knight of the White Orchid,Syr Gwyn Knights Voltron (Joe G),,1
Lightning Greaves,Syr Gwyn Knights Voltron (Joe G),,1
Loxodon Warhammer,Syr Gwyn Knights Voltron (Joe G),,1
Luxury Suite,Syr Gwyn Knights Voltron (Joe G),,1
Marsh Flats,Syr Gwyn Knights Voltron (Joe G),,1
Mask of Memory,Syr Gwyn Knights Voltron (Joe G),,1
Mountain,Syr Gwyn Knights Voltron (Joe G),,3
Murderous Rider // Swift End,Syr Gwyn Knights Voltron (Joe G),,1
Open the Armory,Syr Gwyn Knights Voltron (Joe G),,1
Orzhov Signet,Syr Gwyn Knights Voltron (Joe G),,1
Painful Truths,Syr Gwyn Knights Voltron (Joe G),,1
Phyrexian Arena,Syr Gwyn Knights Voltron (Joe G),,1
Plains,Syr Gwyn Knights Voltron (Joe G),,4
Plaza of Heroes,Syr Gwyn Knights Voltron (Joe G),,1
Puresteel Paladin,Syr Gwyn Knights Voltron (Joe G),,1
Rakdos Signet,Syr Gwyn Knights Voltron (Joe G),,1
Robe of Stars,Syr Gwyn Knights Voltron (Joe G),,1
Rogue's Passage,Syr Gwyn Knights Voltron (Joe G),,1
Rugged Prairie,Syr Gwyn Knights Voltron (Joe G),,1
Ruinous Ultimatum,Syr Gwyn Knights Voltron (Joe G),,1
Sacred Foundry,Syr Gwyn Knights Voltron (Joe G),,1
Savai Triome,Syr Gwyn Knights Voltron (Joe G),,1
Shadowspear,Syr Gwyn Knights Voltron (Joe G),,1
Shattered Sanctum,Syr Gwyn Knights Voltron (Joe G),,1
Sigarda's Aid,Syr Gwyn Knights Voltron (Joe G),,1
Single Combat,Syr Gwyn Knights Voltron (Joe G),,1
Smothering Tithe,Syr Gwyn Knights Voltron (Joe G),,1
Sol Ring,Syr Gwyn Knights Voltron (Joe G),,1
Spectator Seating,Syr Gwyn Knights Voltron (Joe G),,1
"Sram, Senior Edificer",Syr Gwyn Knights Voltron (Joe G),,1
Stinging Study,Syr Gwyn Knights Voltron (Joe G),,1
Stonehewer Giant,Syr Gwyn Knights Voltron (Joe G),,1
Sundown Pass,Syr Gwyn Knights Voltron (Joe G),,1
Sunforger,Syr Gwyn Knights Voltron (Joe G),,1
Swamp,Syr Gwyn Knights Voltron (Joe G),,3
Swiftfoot Boots,Syr Gwyn Knights Voltron (Joe G),,1
Sword of Light and Shadow,Syr Gwyn Knights Voltron (Joe G),,1
Sword of the Animist,Syr Gwyn Knights Voltron (Joe G),,1
Sword of Vengeance,Syr Gwyn Knights Voltron (Joe G),,1
Swords to Plowshares,Syr Gwyn Knights Voltron (Joe G),,1
"Syr Gwyn, Hero of Ashvale",Syr Gwyn Knights Voltron (Joe G),,1
Talisman of Conviction,Syr Gwyn Knights Voltron (Joe G),,1
Talisman of Hierarchy,Syr Gwyn Knights Voltron (Joe G),,1
Talisman of Indulgence,Syr Gwyn Knights Voltron (Joe G),,1
Teferi's Protection,Syr Gwyn Knights Voltron (Joe G),,1
Tournament Grounds,Syr Gwyn Knights Voltron (Joe G),,1
Two-Handed Axe // Sweeping Cleave,Syr Gwyn Knights Voltron (Joe G),,1
Vault of Champions,Syr Gwyn Knights Voltron (Joe G),,1
Winds of Abandon,Syr Gwyn Knights Voltron (Joe G),,1
Adarkar Valkyrie,Mayael Angels (Joe G),,1
Aegis Angel,Mayael Angels (Joe G),,1
"Akroma, Angel of Fury",Mayael Angels (Joe G),,1
"Akroma, Angel of Wrath",Mayael Angels (Joe G),,1
Angel of Destiny,Mayael Angels (Joe G),,1
Angel of Grace,Mayael Angels (Joe G),,1
Angel of Serenity,Mayael Angels (Joe G),,1
Angel of the Dire Hour,Mayael Angels (Joe G),,1
Angel of Vitality,Mayael Angels (Joe G),,1
Angelic Arbiter,Mayael Angels (Joe G),,1
Angelic Skirmisher,Mayael Angels (Joe G),,1
"Anya, Merciless Angel",Mayael Angels (Joe G),,1
Arcane Signet,Mayael Angels (Joe G),,1
Archangel of Strife,Mayael Angels (Joe G),,1
Archangel of Thune,Mayael Angels (Joe G),,1
"Aurelia, the Warleader",Mayael Angels (Joe G),,1
Avacyn's Pilgrim,Mayael Angels (Joe G),,1
Baneslayer Angel,Mayael Angels (Joe G),,1
"Basandra, Battle Seraph",Mayael Angels (Joe G),,1
Battle Angels of Tyr,Mayael Angels (Joe G),,1
Battlefield Forge,Mayael Angels (Joe G),,1
Boros Charm,Mayael Angels (Joe G),,1
Bountiful Promenade,Mayael Angels (Joe G),,1
Breathkeeper Seraph,Mayael Angels (Joe G),,1
Brushland,Mayael Angels (Joe G),,1
Canopy Vista,Mayael Angels (Joe G),,1
Cinder Glade,Mayael Angels (Joe G),,1
Clifftop Retreat,Mayael Angels (Joe G),,1
Command Tower,Mayael Angels (Joe G),,1
Cultivate,Mayael Angels (Joe G),,1
Earthquake,Mayael Angels (Joe G),,1
"Eiganjo, Seat of the Empire",Mayael Angels (Joe G),,1
Elemental Bond,Mayael Angels (Joe G),,1
Elvish Piper,Mayael Angels (Joe G),,1
Emeria Shepherd,Mayael Angels (Joe G),,1
Farewell,Mayael Angels (Joe G),,1
Farseek,Mayael Angels (Joe G),,1
Firemane Avenger,Mayael Angels (Joe G),,1
Forest,Mayael Angels (Joe G),,3
Garruk's Uprising,Mayael Angels (Joe G),,1
Gavony Township,Mayael Angels (Joe G),,1
Generous Gift,Mayael Angels (Joe G),,1
"Giada, Font of Hope",Mayael Angels (Joe G),,1
"Gisela, Blade of Goldnight",Mayael Angels (Joe G),,1
Harmonize,Mayael Angels (Joe G),,1
Herald of War,Mayael Angels (Joe G),,1
Herald's Horn,Mayael Angels (Joe G),,1
Jeska's Will,Mayael Angels (Joe G),,1
Jetmir's Garden,Mayael Angels (Joe G),,1
Jungle Shrine,Mayael Angels (Joe G),,1
Karplusan Forest,Mayael Angels (Joe G),,1
Kodama's Reach,Mayael Angels (Joe G),,1
"Linvala, Keeper of Silence",Mayael Angels (Joe G),,1
Luminarch Ascension,Mayael Angels (Joe G),,1
Mayael the Anima,Mayael Angels (Joe G),,1
Mosswort Bridge,Mayael Angels (Joe G),,1
Mountain,Mayael Angels (Joe G),,3
Nature's Lore,Mayael Angels (Joe G),,1
Naya Charm,Mayael Angels (Joe G),,1
"Nissa, Vital Force",Mayael Angels (Joe G),,1
Overgrown Farmland,Mayael Angels (Joe G),,1
Plains,Mayael Angels (Joe G),,5
Rampant Growth,Mayael Angels (Joe G),,1
Return of the Wildspeaker,Mayael Angels (Joe G),,1
Rhythm of the Wild,Mayael Angels (Joe G),,1
Righteous Valkyrie,Mayael Angels (Joe G),,1
Rockfall Vale,Mayael Angels (Joe G),,1
Rootbound Crag,Mayael Angels (Joe G),,1
Seedborn Muse,Mayael Angels (Joe G),,1
"Selvala, Explorer Returned",Mayael Angels (Joe G),,1
"Sephara, Sky's Blade",Mayael Angels (Joe G),,1
Seraph Sanctuary,Mayael Angels (Joe G),,1
"Shalai, Voice of Plenty",Mayael Angels (Joe G),,1
"Sigarda, Host of Herons",Mayael Angels (Joe G),,1
Sol Ring,Mayael Angels (Joe G),,1
Spectator Seating,Mayael Angels (Joe G),,1
Spire Garden,Mayael Angels (Joe G),,1
Starnheim Aspirant,Mayael Angels (Joe G),,1
Sublime Archangel,Mayael Angels (Joe G),,1
Sunblast Angel,Mayael Angels (Joe G),,1
Sundown Pass,Mayael Angels (Joe G),,1
Sunpetal Grove,Mayael Angels (Joe G),,1
Swords to Plowshares,Mayael Angels (Joe G),,1
Sylvan Safekeeper,Mayael Angels (Joe G),,1
Temple of Abandon,Mayael Angels (Joe G),,1
Temple of Plenty,Mayael Angels (Joe G),,1
Temple of Triumph,Mayael Angels (Joe G),,1
Three Visits,Mayael Angels (Joe G),,1
True Conviction,Mayael Angels (Joe G),,1
"Turntimber Symbiosis // Turntimber, Serpentine Wood",Mayael Angels (Joe G),,1
Utopia Sprawl,Mayael Angels (Joe G),,1
Wild Growth,Mayael Angels (Joe G),,1
Abzan Charm,"Nethroi, Apex of Death (Joe G)",Draw,1
Arcane Signet,"Nethroi, Apex of Death (Joe G)",Ramp,1
Auspicious Starrix,"Nethroi, Apex of Death (Joe G)",Value Engine,1
Avacyn's Pilgrim,"Nethroi, Apex of Death (Joe G)",Ramp,1
Beast Whisperer,"Nethroi, Apex of Death (Joe G)",Draw,1
Blossoming Sands,"Nethroi, Apex of Death (Joe G)",,1
Boneyard Lurker,"Nethroi, Apex of Death (Joe G)",Reanimation,1
Brawn,"Nethroi, Apex of Death (Joe G)",Graveyard,1
Chittering Harvester,"Nethroi, Apex of Death (Joe G)",Removal,1
Command Tower,"Nethroi, Apex of Death (Joe G)",,1
Corpse Knight,"Nethroi, Apex of Death (Joe G)",Finishers,1
Cubwarden,"Nethroi, Apex of Death (Joe G)",Token,1
Cultivate,"Nethroi, Apex of Death (Joe G)",Ramp,1
Custodi Soulbinders,"Nethroi, Apex of Death (Joe G)",Token,1
Damn,"Nethroi, Apex of Death (Joe G)",Removal,1
Darkbore Pathway // Slitherbore Pathway,"Nethroi, Apex of Death (Joe G)",,1
Darkmoss Bridge,"Nethroi, Apex of Death (Joe G)",,1
Day of Judgment,"Nethroi, Apex of Death (Joe G)",Removal,1
Deathsprout,"Nethroi, Apex of Death (Joe G)",Ramp,1
Dirge Bat,"Nethroi, Apex of Death (Joe G)",Removal,1
Duneblast,"Nethroi, Apex of Death (Joe G)",Removal,1
Eerie Ultimatum,"Nethroi, Apex of Death (Joe G)",Reanimation,1
Essence Symbiote,"Nethroi, Apex of Death (Joe G)",Value Engine,1
Fertilid,"Nethroi, Apex of Death (Joe G)",Ramp,1
Forest,"Nethroi, Apex of Death (Joe G)",,10
Gemrazer,"Nethroi, Apex of Death (Joe G)",Removal,1
Glowspore Shaman,"Nethroi, Apex of Death (Joe G)",Graveyard,1
Glowstone Recluse,"Nethroi, Apex of Death (Joe G)",Value Engine,1
Goldmire Bridge,"Nethroi, Apex of Death (Joe G)",,1
"Gonti, Lord of Luxury","Nethroi, Apex of Death (Joe G)",Value Engine,1
Gray Merchant of Asphodel,"Nethroi, Apex of Death (Joe G)",Finishers,1
Huntmaster Liger,"Nethroi, Apex of Death (Joe G)",Value Engine,1
Insatiable Hemophage,"Nethroi, Apex of Death (Joe G)",Value Engine,1
"Jarad, Golgari Lich Lord","Nethroi, Apex of Death (Joe G)",Finishers,1
Jarad's Orders,"Nethroi, Apex of Death (Joe G)",Graveyard,1
Jungle Hollow,"Nethroi, Apex of Death (Joe G)",,1
Karmic Guide,"Nethroi, Apex of Death (Joe G)",Reanimation,1
Lifecrafter's Bestiary,"Nethroi, Apex of Death (Joe G)",Draw,1
Llanowar Elves,"Nethroi, Apex of Death (Joe G)",Ramp,1
Migration Path,"Nethroi, Apex of Death (Joe G)",Ramp,1
Migratory Greathorn,"Nethroi, Apex of Death (Joe G)",Ramp,1
Moldervine Reclamation,"Nethroi, Apex of Death (Joe G)",Draw,1
Mortify,"Nethroi, Apex of Death (Joe G)",Removal,1
Mythos of Nethroi,"Nethroi, Apex of Death (Joe G)",Removal,1
Necropanther,"Nethroi, Apex of Death (Joe G)",Reanimation,1
"Nethroi, Apex of Death","Nethroi, Apex of Death (Joe G)",Reanimation,1
Nyx Weaver,"Nethroi, Apex of Death (Joe G)",Graveyard,1
Old Stickfingers,"Nethroi, Apex of Death (Joe G)",Graveyard,1
Orzhov Guildgate,"Nethroi, Apex of Death (Joe G)",,1
Pattern of Rebirth,"Nethroi, Apex of Death (Joe G)",Combo,1
Phantom Nishoba,"Nethroi, Apex of Death (Joe G)",Value Engine,1
Plains,"Nethroi, Apex of Death (Joe G)",,5
"Polukranos, Unchained","Nethroi, Apex of Death (Joe G)",Removal,1
Putrefy,"Nethroi, Apex of Death (Joe G)",Removal,1
Ravenous Chupacabra,"Nethroi, Apex of Death (Joe G)",Removal,1
Reclamation Sage,"Nethroi, Apex of Death (Joe G)",Removal,1
Reveillark,"Nethroi, Apex of Death (Joe G)",Reanimation,1
Saffi Eriksdotter,"Nethroi, Apex of Death (Joe G)",Combo,1
Sakura-Tribe Elder,"Nethroi, Apex of Death (Joe G)",Ramp,1
Sandsteppe Citadel,"Nethroi, Apex of Death (Joe G)",,1
Satyr Wayfinder,"Nethroi, Apex of Death (Joe G)",Graveyard,1
Sawtusk Demolisher,"Nethroi, Apex of Death (Joe G)",Removal,1
Skull Prophet,"Nethroi, Apex of Death (Joe G)",Graveyard,1
Stinkweed Imp,"Nethroi, Apex of Death (Joe G)",Graveyard,1
Sun Titan,"Nethroi, Apex of Death (Joe G)",Reanimation,1
Swamp,"Nethroi, Apex of Death (Joe G)",,9
Swiftfoot Boots,"Nethroi, Apex of Death (Joe G)",Value Engine,1
"Syr Konrad, the Grim","Nethroi, Apex of Death (Joe G)",Finishers,1
"Taborax, Hope's Demise","Nethroi, Apex of Death (Joe G)",Value Engine,1
Temple of Silence,"Nethroi, Apex of Death (Joe G)",,1
Terramorphic Expanse,"Nethroi, Apex of Death (Joe G)",,1
The Ozolith,"Nethroi, Apex of Death (Joe G)",Value Engine,1
Unburial Rites,"Nethroi, Apex of Death (Joe G)",Reanimation,1
Unmarked Grave,"Nethroi, Apex of Death (Joe G)",Graveyard,1
"Varolz, the Scar-Striped","Nethroi, Apex of Death (Joe G)",Graveyard,1
Veil of Summer,"Nethroi, Apex of Death (Joe G)",Value Engine,1
Victimize,"Nethroi, Apex of Death (Joe G)",Reanimation,1
"Vivien, Monsters' Advocate","Nethroi, Apex of Death (Joe G)",Value Engine,1
Vulpikeet,"Nethroi, Apex of Death (Joe G)",Value Engine,1
Academy Manufactor,"Eloise, Nephalia Sleuth (Joe G)",Token,1
Arcane Signet,"Eloise, Nephalia Sleuth (Joe G)",Ramp,1
Ashnod's Altar,"Eloise, Nephalia Sleuth (Joe G)",Combo,1
Baleful Strix,"Eloise, Nephalia Sleuth (Joe G)",Draw,1
Bastion of Remembrance,"Eloise, Nephalia Sleuth (Joe G)",Finishers,1
Bojuka Bog,"Eloise, Nephalia Sleuth (Joe G)",,1
Burnished Hart,"Eloise, Nephalia Sleuth (Joe G)",Ramp,1
Cauldron Familiar,"Eloise, Nephalia Sleuth (Joe G)",Combo,1
Chasm Skulker,"Eloise, Nephalia Sleuth (Joe G)",Token,1
Choked Estuary,"Eloise, Nephalia Sleuth (Joe G)",,1
Clock of Omens,"Eloise, Nephalia Sleuth (Joe G)",Combo,1
Command Tower,"Eloise, Nephalia Sleuth (Joe G)",,1
Contraband Kingpin,"Eloise, Nephalia Sleuth (Joe G)",Value Engine,1
Costly Plunder,"Eloise, Nephalia Sleuth (Joe G)",Draw,1
Counterspell,"Eloise, Nephalia Sleuth (Joe G)",Removal,1
Crowded Crypt,"Eloise, Nephalia Sleuth (Joe G)",Token,1
Darkwater Catacombs,"Eloise, Nephalia Sleuth (Joe G)",,1
Deadly Dispute,"Eloise, Nephalia Sleuth (Joe G)",Draw,1
Decree of Pain,"Eloise, Nephalia Sleuth (Joe G)",Removal,1
Dimir Aqueduct,"Eloise, Nephalia Sleuth (Joe G)",,1
Dimir Signet,"Eloise, Nephalia Sleuth (Joe G)",Ramp,1
Disciple of the Vault,"Eloise, Nephalia Sleuth (Joe G)",Finishers,1
Disinformation Campaign,"Eloise, Nephalia Sleuth (Joe G)",Value Engine,1
Dread Return,"Eloise, Nephalia Sleuth (Joe G)",Reanimation,1
Dreadhorde Invasion,"Eloise, Nephalia Sleuth (Joe G)",Token,1
Drown in the Loch,"Eloise, Nephalia Sleuth (Joe G)",Removal,1
"Eloise, Nephalia Sleuth","Eloise, Nephalia Sleuth (Joe G)",Value Engine,1
Enhanced Surveillance,"Eloise, Nephalia Sleuth (Joe G)",Value Engine,1
Erdwal Illuminator,"Eloise, Nephalia Sleuth (Joe G)",Token,1
Feed the Swarm,"Eloise, Nephalia Sleuth (Joe G)",Removal,1
Herald of Anguish,"Eloise, Nephalia Sleuth (Joe G)",Finishers,1
High Market,"Eloise, Nephalia Sleuth (Joe G)",,1
Idol of Oblivion,"Eloise, Nephalia Sleuth (Joe G)",Draw,1
Infernal Grasp,"Eloise, Nephalia Sleuth (Joe G)",Removal,1
Inspiring Statuary,"Eloise, Nephalia Sleuth (Joe G)",Ramp,1
Island,"Eloise, Nephalia Sleuth (Joe G)",,11
"Jadar, Ghoulcaller of Nephalia","Eloise, Nephalia Sleuth (Joe G)",Token,1
Junk Winder,"Eloise, Nephalia Sleuth (Joe G)",Token,1
"Kels, Fight Fixer","Eloise, Nephalia Sleuth (Joe G)",Draw,1
Lazotep Plating,"Eloise, Nephalia Sleuth (Joe G)",Value Engine,1
Marionette Master,"Eloise, Nephalia Sleuth (Joe G)",Finishers,1
Mind Stone,"Eloise, Nephalia Sleuth (Joe G)",Ramp,1
Mistvault Bridge,"Eloise, Nephalia Sleuth (Joe G)",,1
Morbid Opportunist,"Eloise, Nephalia Sleuth (Joe G)",Draw,1
Mulldrifter,"Eloise, Nephalia Sleuth (Joe G)",Draw,1
Myriad Landscape,"Eloise, Nephalia Sleuth (Joe G)",,1
Nadier's Nightblade,"Eloise, Nephalia Sleuth (Joe G)",Finishers,1
Notion Rain,"Eloise, Nephalia Sleuth (Joe G)",Draw,1
Pawn of Ulamog,"Eloise, Nephalia Sleuth (Joe G)",Token,1
Plaguecrafter,"Eloise, Nephalia Sleuth (Joe G)",Removal,1
Plumb the Forbidden,"Eloise, Nephalia Sleuth (Joe G)",Draw,1
Pongify,"Eloise, Nephalia Sleuth (Joe G)",Removal,1
Price of Fame,"Eloise, Nephalia Sleuth (Joe G)",Removal,1
Reassembling Skeleton,"Eloise, Nephalia Sleuth (Joe G)",Graveyard,1
Rise and Shine,"Eloise, Nephalia Sleuth (Joe G)",Finishers,1
Sage of Lat-Nam,"Eloise, Nephalia Sleuth (Joe G)",Draw,1
Shimmer Dragon,"Eloise, Nephalia Sleuth (Joe G)",Draw,1
Shriekmaw,"Eloise, Nephalia Sleuth (Joe G)",Removal,1
Sifter of Skulls,"Eloise, Nephalia Sleuth (Joe G)",Token,1
Sol Ring,"Eloise, Nephalia Sleuth (Joe G)",Ramp,1
Solemn Simulacrum,"Eloise, Nephalia Sleuth (Joe G)",Ramp,1
Spawning Pit,"Eloise, Nephalia Sleuth (Joe G)",Combo,1
Sunken Hollow,"Eloise, Nephalia Sleuth (Joe G)",,1
Swamp,"Eloise, Nephalia Sleuth (Joe G)",,11
"Syr Konrad, the Grim","Eloise, Nephalia Sleuth (Joe G)",Finishers,1
Tainted Isle,"Eloise, Nephalia Sleuth (Joe G)",,1
Talisman of Dominance,"Eloise, Nephalia Sleuth (Joe G)",Ramp,1
Tamiyo's Journal,"Eloise, Nephalia Sleuth (Joe G)",Value Engine,1
Temple of Deceit,"Eloise, Nephalia Sleuth (Joe G)",,1
"Tezzeret, Master of the Bridge","Eloise, Nephalia Sleuth (Joe G)",Value Engine,1
Thopter Spy Network,"Eloise, Nephalia Sleuth (Joe G)",Token,1
Thought Monitor,"Eloise, Nephalia Sleuth (Joe G)",Draw,1
Trading Post,"Eloise, Nephalia Sleuth (Joe G)",Value Engine,1
Victimize,"Eloise, Nephalia Sleuth (Joe G)",Reanimation,1
Village Rites,"Eloise, Nephalia Sleuth (Joe G)",Draw,1
Viscera Seer,"Eloise, Nephalia Sleuth (Joe G)",Combo,1
Watery Grave,"Eloise, Nephalia Sleuth (Joe G)",,1
Witch's Oven,"Eloise, Nephalia Sleuth (Joe G)",Combo,1
Woe Strider,"Eloise, Nephalia Sleuth (Joe G)",Combo,1
Zulaport Cutthroat,"Eloise, Nephalia Sleuth (Joe G)",Finishers,1
Admiral Beckett Brass,The Admiral (Anthony),Tribal,1
Angrath's Marauders,The Admiral (Anthony),Aggro,1
Aqueous Form,The Admiral (Anthony),Evasion,1
Arcane Signet,The Admiral (Anthony),Ramp,1
Blasphemous Act,The Admiral (Anthony),Interaction,1
"Breeches, Brazen Plunderer",The Admiral (Anthony),Tribal,1
Captain Lannery Storm,The Admiral (Anthony),Treasure,1
Captain Vargus Wrath,The Admiral (Anthony),Tribal,1
Captivating Crew,The Admiral (Anthony),Theft,1
Changeling Outcast,The Admiral (Anthony),Evasion,1
Chart a Course,The Admiral (Anthony),Draw,1
Coercive Recruiter,The Admiral (Anthony),Theft,1
Command Tower,The Admiral (Anthony),,1
Commander's Sphere,The Admiral (Anthony),Ramp,1
Corsair Captain,The Admiral (Anthony),Tribal,1
Counterspell,The Admiral (Anthony),Interaction,1
Crumbling Necropolis,The Admiral (Anthony),,1
Daring Saboteur,The Admiral (Anthony),Evasion,1
Deadeye Brawler,The Admiral (Anthony),Evasion,1
Deadeye Plunderers,The Admiral (Anthony),Treasure,1
Departed Deckhand,The Admiral (Anthony),Evasion,1
Dimir Aqueduct,The Admiral (Anthony),,1
Dire Fleet Captain,The Admiral (Anthony),Tribal,1
Dire Fleet Daredevil,The Admiral (Anthony),Reanimation,1
Dire Fleet Neckbreaker,The Admiral (Anthony),Tribal,1
Dire Fleet Poisoner,The Admiral (Anthony),Evasion,1
Dire Fleet Ravager,The Admiral (Anthony),Evasion,1
Dowsing Dagger // Lost Vale,The Admiral (Anthony),Ramp,1
Drown in the Loch,The Admiral (Anthony),Interaction,1
Engulf the Shore,The Admiral (Anthony),Interaction,1
Evolving Wilds,The Admiral (Anthony),,1
Fathom Fleet Captain,The Admiral (Anthony),Tribal,1
Feed the Swarm,The Admiral (Anthony),Interaction,1
Fiery Cannonade,The Admiral (Anthony),Interaction,1
Forerunner of the Coalition,The Admiral (Anthony),Tribal,1
Goldvein Pick,The Admiral (Anthony),Treasure,1
Haunting Voyage,The Admiral (Anthony),Reanimation,1
Highland Lake,The Admiral (Anthony),,1
Hostage Taker,The Admiral (Anthony),Theft,1
Infernal Grasp,The Admiral (Anthony),Interaction,1
Island,The Admiral (Anthony),,7
Izzet Signet,The Admiral (Anthony),Ramp,1
"Kari Zev, Skyship Raider",The Admiral (Anthony),Aggro,1
Kitesail Freebooter,The Admiral (Anthony),Evasion,1
Lookout's Dispersal,The Admiral (Anthony),Interaction,1
"Malcolm, Keen-Eyed Navigator",The Admiral (Anthony),Treasure,1
March of the Drowned,The Admiral (Anthony),Reanimation,1
"Marchesa, the Black Rose",The Admiral (Anthony),Theft,1
Merchant Raiders,The Admiral (Anthony),Tribal,1
Mountain,The Admiral (Anthony),,7
Path of Ancestry,The Admiral (Anthony),Tribal,1
Pirate's Pillage,The Admiral (Anthony),Treasure,1
Port Razer,The Admiral (Anthony),Aggro,1
Predators' Hour,The Admiral (Anthony),Theft,1
Prismari Campus,The Admiral (Anthony),,1
Protean Raider,The Admiral (Anthony),Aggro,1
Prying Blade,The Admiral (Anthony),Treasure,1
Rakdos Carnarium,The Admiral (Anthony),,1
Reconnaissance Mission,The Admiral (Anthony),Draw,1
Reflections of Littjara,The Admiral (Anthony),Tribal,1
Revel in Riches,The Admiral (Anthony),Treasure,1
Secluded Courtyard,The Admiral (Anthony),,1
Seize the Spoils,The Admiral (Anthony),Treasure,1
Shadowblood Ridge,The Admiral (Anthony),,1
Shared Animosity,The Admiral (Anthony),Tribal,1
Siren Stormtamer,The Admiral (Anthony),Evasion,1
Slippery Scoundrel,The Admiral (Anthony),Evasion,1
Smoldering Marsh,The Admiral (Anthony),,1
Sol Ring,The Admiral (Anthony),Ramp,1
Spectral Sailor,The Admiral (Anthony),Evasion,1
Spell Swindle,The Admiral (Anthony),Interaction,1
Storm Fleet Sprinter,The Admiral (Anthony),Evasion,1
Storm the Vault // Vault of Catlacan,The Admiral (Anthony),Treasure,1
Sunken Hollow,The Admiral (Anthony),,1
Swamp,The Admiral (Anthony),,6
Sword of the Animist,The Admiral (Anthony),Ramp,1
Timestream Navigator,The Admiral (Anthony),Tribal,1
Treasure Cruise,The Admiral (Anthony),Draw,1
Treasure Map // Treasure Cove,The Admiral (Anthony),Treasure,1
Vandalblast,The Admiral (Anthony),Interaction,1
Warkite Marauder,The Admiral (Anthony),Evasion,1
Whispersilk Cloak,The Admiral (Anthony),Evasion,1
"Zara, Renegade Recruiter",The Admiral (Anthony),Theft,1
Aquitect's Will,"Orvar, the All-Form (Anthony)",,1
Arcane Signet,"Orvar, the All-Form (Anthony)",,1
Archaeomancer,"Orvar, the All-Form (Anthony)",,1
Archmage Emeritus,"Orvar, the All-Form (Anthony)",,1
Argent Mutation,"Orvar, the All-Form (Anthony)",,1
Artisan of Forms,"Orvar, the All-Form (Anthony)",,1
Augur of Bolas,"Orvar, the All-Form (Anthony)",,1
Blue Sun's Zenith,"Orvar, the All-Form (Anthony)",,1
Brainstorm,"Orvar, the All-Form (Anthony)",,1
Cerulean Wisps,"Orvar, the All-Form (Anthony)",,1
Chilling Trap,"Orvar, the All-Form (Anthony)",,1
Cloudkin Seer,"Orvar, the All-Form (Anthony)",,1
Counterspell,"Orvar, the All-Form (Anthony)",,1
Dive Down,"Orvar, the All-Form (Anthony)",,1
Draining Whelk,"Orvar, the All-Form (Anthony)",,1
Dream's Grip,"Orvar, the All-Form (Anthony)",,1
Enervate,"Orvar, the All-Form (Anthony)",,1
Essence Flux,"Orvar, the All-Form (Anthony)",,1
Expedition Map,"Orvar, the All-Form (Anthony)",,1
Fleeting Distraction,"Orvar, the All-Form (Anthony)",,1
Folio of Fancies,"Orvar, the All-Form (Anthony)",,1
Ghostly Flicker,"Orvar, the All-Form (Anthony)",,1
Gigadrowse,"Orvar, the All-Form (Anthony)",,1
Hidden Strings,"Orvar, the All-Form (Anthony)",,1
High Tide,"Orvar, the All-Form (Anthony)",,1
Imprisoned in the Moon,"Orvar, the All-Form (Anthony)",,1
Island,"Orvar, the All-Form (Anthony)",,30
Jace's Sanctum,"Orvar, the All-Form (Anthony)",,1
Jinx,"Orvar, the All-Form (Anthony)",,1
Jolt,"Orvar, the All-Form (Anthony)",,1
Kiora Bests the Sea God,"Orvar, the All-Form (Anthony)",,1
Leap,"Orvar, the All-Form (Anthony)",,1
Master of Waves,"Orvar, the All-Form (Anthony)",,1
Meteor Golem,"Orvar, the All-Form (Anthony)",,1
Mind Stone,"Orvar, the All-Form (Anthony)",,1
Miscast,"Orvar, the All-Form (Anthony)",,1
Mizzium Skin,"Orvar, the All-Form (Anthony)",,1
Moonlace,"Orvar, the All-Form (Anthony)",,1
Mulldrifter,"Orvar, the All-Form (Anthony)",,1
Murmuring Mystic,"Orvar, the All-Form (Anthony)",,1
Mystic Sanctuary,"Orvar, the All-Form (Anthony)",,1
"Narset, Parter of Veils","Orvar, the All-Form (Anthony)",,1
Negate,"Orvar, the All-Form (Anthony)",,1
"Orvar, the All-Form","Orvar, the All-Form (Anthony)",,1
Peregrine Drake,"Orvar, the All-Form (Anthony)",,1
Pongify,"Orvar, the All-Form (Anthony)",,1
Quasiduplicate,"Orvar, the All-Form (Anthony)",,1
Ravenform,"Orvar, the All-Form (Anthony)",,1
Resculpt,"Orvar, the All-Form (Anthony)",,1
Scholar of the Ages,"Orvar, the All-Form (Anthony)",,1
Scourge of Fleets,"Orvar, the All-Form (Anthony)",,1
Sea Gate Oracle,"Orvar, the All-Form (Anthony)",,1
Shadow Rift,"Orvar, the All-Form (Anthony)",,1
Shimmering Mirage,"Orvar, the All-Form (Anthony)",,1
Shipwreck Dowser,"Orvar, the All-Form (Anthony)",,1
Sky Diamond,"Orvar, the All-Form (Anthony)",,1
Slip Through Space,"Orvar, the All-Form (Anthony)",,1
Sol Ring,"Orvar, the All-Form (Anthony)",,1
Solemn Simulacrum,"Orvar, the All-Form (Anthony)",,1
Stream of Unconsciousness,"Orvar, the All-Form (Anthony)",,1
Swiftfoot Boots,"Orvar, the All-Form (Anthony)",,1
"Talrand, Sky Summoner","Orvar, the All-Form (Anthony)",,1
Teferi's Ageless Insight,"Orvar, the All-Form (Anthony)",,1
Teferi's Time Twist,"Orvar, the All-Form (Anthony)",,1
Thought Vessel,"Orvar, the All-Form (Anthony)",,1
Tidespout Tyrant,"Orvar, the All-Form (Anthony)",,1
Trait Doctoring,"Orvar, the All-Form (Anthony)",,1
Twiddle,"Orvar, the All-Form (Anthony)",,1
Twisted Image,"Orvar, the All-Form (Anthony)",,1
Twitch,"Orvar, the All-Form (Anthony)",,1
Wavebreak Hippocamp,"Orvar, the All-Form (Anthony)",,1
Akroma's Will,Big Dinos (Anthony),Protection,1
Apex Altisaur,Big Dinos (Anthony),Removal,1
Arcane Signet,Big Dinos (Anthony),Ramp,1
Atzocan Seer,Big Dinos (Anthony),Ramp,1
Battlefield Forge,Big Dinos (Anthony),,1
Beast Within,Big Dinos (Anthony),Removal,1
Bellowing Aegisaur,Big Dinos (Anthony),Tribal,1
Berserkers' Onslaught,Big Dinos (Anthony),Combat,1
Blasphemous Act,Big Dinos (Anthony),Removal,1
Boros Charm,Big Dinos (Anthony),Protection,1
Brushland,Big Dinos (Anthony),,1
Burning Sun's Avatar,Big Dinos (Anthony),Removal,1
Canopy Vista,Big Dinos (Anthony),,1
Cinder Glade,Big Dinos (Anthony),,1
Colossal Majesty,Big Dinos (Anthony),Draw,1
Command Tower,Big Dinos (Anthony),,1
Deathgorge Scavenger,Big Dinos (Anthony),Value Engine,1
"Domri, Anarch of Bolas",Big Dinos (Anthony),Ramp,1
Elemental Bond,Big Dinos (Anthony),Draw,1
"Etali, Primal Storm",Big Dinos (Anthony),Finishers,1
Exotic Orchard,Big Dinos (Anthony),,1
Farewell,Big Dinos (Anthony),Removal,1
Farseek,Big Dinos (Anthony),Ramp,1
Forerunner of the Empire,Big Dinos (Anthony),Tribal,1
Forest,Big Dinos (Anthony),,8
Garruk's Uprising,Big Dinos (Anthony),Draw,1
Generous Gift,Big Dinos (Anthony),Removal,1
"Ghalta, Primal Hunger",Big Dinos (Anthony),Finishers,1
"Gishath, Sun's Avatar",Big Dinos (Anthony),Tribal,1
Goring Ceratops,Big Dinos (Anthony),Combat,1
Harmonize,Big Dinos (Anthony),Draw,1
Herald's Horn,Big Dinos (Anthony),Tribal,1
Jungle Shrine,Big Dinos (Anthony),,1
Karplusan Forest,Big Dinos (Anthony),,1
Kinjalli's Caller,Big Dinos (Anthony),Ramp,1
Kinjalli's Sunwing,Big Dinos (Anthony),Tribal,1
Knight of the Stampede,Big Dinos (Anthony),Ramp,1
Lifecrafter's Bestiary,Big Dinos (Anthony),Draw,1
Lightning Greaves,Big Dinos (Anthony),Protection,1
Majestic Heliopterus,Big Dinos (Anthony),Tribal,1
Marauding Raptor,Big Dinos (Anthony),Ramp,1
Mirari's Wake,Big Dinos (Anthony),Ramp,1
Mossfire Valley,Big Dinos (Anthony),,1
Mountain,Big Dinos (Anthony),,4
Nature's Lore,Big Dinos (Anthony),Ramp,1
Naya Charm,Big Dinos (Anthony),Support,1
Otepec Huntmaster,Big Dinos (Anthony),Ramp,1
Path of Ancestry,Big Dinos (Anthony),,1
Plains,Big Dinos (Anthony),,4
Quartzwood Crasher,Big Dinos (Anthony),Finishers,1
Raging Regisaur,Big Dinos (Anthony),Tribal,1
Raging Swordtooth,Big Dinos (Anthony),Tribal,1
Rampaging Brontodon,Big Dinos (Anthony),Finishers,1
Rampant Growth,Big Dinos (Anthony),Ramp,1
Ranging Raptors,Big Dinos (Anthony),Ramp,1
Regisaur Alpha,Big Dinos (Anthony),Tribal,1
Return of the Wildspeaker,Big Dinos (Anthony),Draw,1
Rhythm of the Wild,Big Dinos (Anthony),Support,1
Ripjaw Raptor,Big Dinos (Anthony),Draw,1
Rishkar's Expertise,Big Dinos (Anthony),Draw,1
Rockfall Vale,Big Dinos (Anthony),,1
Rugged Prairie,Big Dinos (Anthony),,1
Runic Armasaur,Big Dinos (Anthony),Draw,1
Secluded Courtyard,Big Dinos (Anthony),,1
Shifting Ceratops,Big Dinos (Anthony),Finishers,1
Silverclad Ferocidons,Big Dinos (Anthony),Finishers,1
Sol Ring,Big Dinos (Anthony),Ramp,1
Sungrass Prairie,Big Dinos (Anthony),,1
Swords to Plowshares,Big Dinos (Anthony),Removal,1
Temple Altisaur,Big Dinos (Anthony),Tribal,1
Temple of Abandon,Big Dinos (Anthony),,1
Temple of Plenty,Big Dinos (Anthony),,1
Temple of Triumph,Big Dinos (Anthony),,1
The Great Henge,Big Dinos (Anthony),Value Engine,1
Thrashing Brontodon,Big Dinos (Anthony),Support,1
Three Visits,Big Dinos (Anthony),Ramp,1
Thunderherd Migration,Big Dinos (Anthony),Ramp,1
Thundering Spineback,Big Dinos (Anthony),Tribal,1
Topiary Stomper,Big Dinos (Anthony),Ramp,1
Trapjaw Tyrant,Big Dinos (Anthony),Removal,1
Unclaimed Territory,Big Dinos (Anthony),,1
Verdant Sun's Avatar,Big Dinos (Anthony),Value Engine,1
Wakening Sun's Avatar,Big Dinos (Anthony),Removal,1
Warstorm Surge,Big Dinos (Anthony),Finishers,1
Wayward Swordtooth,Big Dinos (Anthony),Ramp,1
"Zacama, Primal Calamity",Big Dinos (Anthony),Finishers,1
"Zetalpa, Primal Dawn",Big Dinos (Anthony),Finishers,1
Access Tunnel,Yuriko's Ninja Slugfest (Joe M),Enabler,1
Arcane Adaptation,Yuriko's Ninja Slugfest (Joe M),Support,1
Arcane Signet,Yuriko's Ninja Slugfest (Joe M),Ramp,1
Artificer's Assistant,Yuriko's Ninja Slugfest (Joe M),Enabler,1
Azra Smokeshaper,Yuriko's Ninja Slugfest (Joe M),Protection,1
Baleful Strix,Yuriko's Ninja Slugfest (Joe M),Draw,1
Brainstorm,Yuriko's Ninja Slugfest (Joe M),Topdeck,1
Castle Vantress,Yuriko's Ninja Slugfest (Joe M),,1
Changeling Outcast,Yuriko's Ninja Slugfest (Joe M),Enabler,1
Choked Estuary,Yuriko's Ninja Slugfest (Joe M),,1
Command Tower,Yuriko's Ninja Slugfest (Joe M),,1
Commit // Memory,Yuriko's Ninja Slugfest (Joe M),Disruption,1
Consign // Oblivion,Yuriko's Ninja Slugfest (Joe M),Disruption,1
Counterspell,Yuriko's Ninja Slugfest (Joe M),Removal,1
Cunning Evasion,Yuriko's Ninja Slugfest (Joe M),Protection,1
Darkwater Catacombs,Yuriko's Ninja Slugfest (Joe M),,1
Devastation Tide,Yuriko's Ninja Slugfest (Joe M),,1
Dig Through Time,Yuriko's Ninja Slugfest (Joe M),,1
Dimir Aqueduct,Yuriko's Ninja Slugfest (Joe M),,1
Dimir Infiltrator,Yuriko's Ninja Slugfest (Joe M),Enabler,1
Dimir Signet,Yuriko's Ninja Slugfest (Joe M),Ramp,1
Discovery // Dispersal,Yuriko's Ninja Slugfest (Joe M),Topdeck,1
Distant Melody,Yuriko's Ninja Slugfest (Joe M),Draw,1
Dream Cache,Yuriko's Ninja Slugfest (Joe M),Topdeck,1
Faerie Seer,Yuriko's Ninja Slugfest (Joe M),Enabler,1
Fallen Shinobi,Yuriko's Ninja Slugfest (Joe M),Finishers,1
Familiar's Ruse,Yuriko's Ninja Slugfest (Joe M),Protection,1
Feed the Swarm,Yuriko's Ninja Slugfest (Joe M),Removal,1
Gingerbrute,Yuriko's Ninja Slugfest (Joe M),Enabler,1
"Grazilaxx, Illithid Scholar",Yuriko's Ninja Slugfest (Joe M),Draw,1
Gudul Lurker,Yuriko's Ninja Slugfest (Joe M),Enabler,1
Hagra Mauling // Hagra Broodpit,Yuriko's Ninja Slugfest (Joe M),Removal,1
Halimar Depths,Yuriko's Ninja Slugfest (Joe M),,1
In Garruk's Wake,Yuriko's Ninja Slugfest (Joe M),Removal,1
Infernal Grasp,Yuriko's Ninja Slugfest (Joe M),Removal,1
Ingenious Infiltrator,Yuriko's Ninja Slugfest (Joe M),Draw,1
Island,Yuriko's Ninja Slugfest (Joe M),,11
Jwar Isle Refuge,Yuriko's Ninja Slugfest (Joe M),,1
Karn's Temporal Sundering,Yuriko's Ninja Slugfest (Joe M),Finishers,1
Krydle of Baldur's Gate,Yuriko's Ninja Slugfest (Joe M),Enabler,1
Maskwood Nexus,Yuriko's Ninja Slugfest (Joe M),Support,1
Mind Stone,Yuriko's Ninja Slugfest (Joe M),Ramp,1
Misdirection,Yuriko's Ninja Slugfest (Joe M),Protection,1
Mistblade Shinobi,Yuriko's Ninja Slugfest (Joe M),Disruption,1
Mist-Cloaked Herald,Yuriko's Ninja Slugfest (Joe M),Enabler,1
Mist-Syndicate Naga,Yuriko's Ninja Slugfest (Joe M),Finishers,1
Moonblade Shinobi,Yuriko's Ninja Slugfest (Joe M),Enabler,1
Mortuary Mire,Yuriko's Ninja Slugfest (Joe M),,1
Murderous Cut,Yuriko's Ninja Slugfest (Joe M),Removal,1
Mystic Sanctuary,Yuriko's Ninja Slugfest (Joe M),,1
Negate,Yuriko's Ninja Slugfest (Joe M),Removal,1
Never // Return,Yuriko's Ninja Slugfest (Joe M),Removal,1
Ninja of the Deep Hours,Yuriko's Ninja Slugfest (Joe M),Draw,1
Okiba-Gang Shinobi,Yuriko's Ninja Slugfest (Joe M),Disruption,1
Ornithopter,Yuriko's Ninja Slugfest (Joe M),Enabler,1
Otherworldly Gaze,Yuriko's Ninja Slugfest (Joe M),Topdeck,1
Path of Ancestry,Yuriko's Ninja Slugfest (Joe M),Topdeck,1
Phantom Ninja,Yuriko's Ninja Slugfest (Joe M),Enabler,1
Ponder,Yuriko's Ninja Slugfest (Joe M),Topdeck,1
Reconnaissance Mission,Yuriko's Ninja Slugfest (Joe M),Draw,1
Rogue's Passage,Yuriko's Ninja Slugfest (Joe M),Enabler,1
Sage Owl,Yuriko's Ninja Slugfest (Joe M),Enabler,1
Silent-Blade Oni,Yuriko's Ninja Slugfest (Joe M),Finishers,1
Silver Raven,Yuriko's Ninja Slugfest (Joe M),Enabler,1
Siren Stormtamer,Yuriko's Ninja Slugfest (Joe M),Protection,1
Skullsnatcher,Yuriko's Ninja Slugfest (Joe M),Disruption,1
Slither Blade,Yuriko's Ninja Slugfest (Joe M),Enabler,1
Smoke Shroud,Yuriko's Ninja Slugfest (Joe M),Support,1
Sol Ring,Yuriko's Ninja Slugfest (Joe M),Ramp,1
Stolen Identity,Yuriko's Ninja Slugfest (Joe M),Finishers,1
Submerged Boneyard,Yuriko's Ninja Slugfest (Joe M),,1
Sunken Hollow,Yuriko's Ninja Slugfest (Joe M),,1
Swamp,Yuriko's Ninja Slugfest (Joe M),,5
Swiftfoot Boots,Yuriko's Ninja Slugfest (Joe M),Protection,1
Tainted Isle,Yuriko's Ninja Slugfest (Joe M),,1
Talisman of Dominance,Yuriko's Ninja Slugfest (Joe M),Ramp,1
Temple of Deceit,Yuriko's Ninja Slugfest (Joe M),Topdeck,1
"Tetsuko Umezawa, Fugitive",Yuriko's Ninja Slugfest (Joe M),Enabler,1
Throatseeker,Yuriko's Ninja Slugfest (Joe M),Support,1
Tormented Soul,Yuriko's Ninja Slugfest (Joe M),Enabler,1
Treasure Cruise,Yuriko's Ninja Slugfest (Joe M),Draw,1
Triton Shorestalker,Yuriko's Ninja Slugfest (Joe M),Enabler,1
Vela the Night-Clad,Yuriko's Ninja Slugfest (Joe M),Finishers,1
Walker of Secret Ways,Yuriko's Ninja Slugfest (Joe M),Support,1
Xenograft,Yuriko's Ninja Slugfest (Joe M),Support,1
"Yuriko, the Tiger's Shadow",Yuriko's Ninja Slugfest (Joe M),Finishers,1
"Ajani, the Greathearted",Cats and Dogs (Joe M),Support,1
Ajani's Pridemate,Cats and Dogs (Joe M),Payoff,1
Animal Sanctuary,Cats and Dogs (Joe M),Tribal,1
Arcane Signet,Cats and Dogs (Joe M),Ramp,1
Ash Barrens,Cats and Dogs (Joe M),,1
Austere Command,Cats and Dogs (Joe M),Removal,1
Beast Within,Cats and Dogs (Joe M),Removal,1
Blasphemous Act,Cats and Dogs (Joe M),Removal,1
Bolt Hound,Cats and Dogs (Joe M),Payoff,1
Boros Charm,Cats and Dogs (Joe M),Protection,1
Boros Garrison,Cats and Dogs (Joe M),,1
Boros Signet,Cats and Dogs (Joe M),Ramp,1
Bronzehide Lion,Cats and Dogs (Joe M),Protection,1
Camaraderie,Cats and Dogs (Joe M),Draw,1
Canopy Vista,Cats and Dogs (Joe M),,1
Cinder Glade,Cats and Dogs (Joe M),,1
Command Tower,Cats and Dogs (Joe M),,1
Crib Swap,Cats and Dogs (Joe M),Removal,1
Cubwarden,Cats and Dogs (Joe M),Token,1
Cultivate,Cats and Dogs (Joe M),Ramp,1
End-Raze Forerunners,Cats and Dogs (Joe M),Finishers,1
Evolving Wilds,Cats and Dogs (Joe M),,1
Exotic Orchard,Cats and Dogs (Joe M),,1
Farseek,Cats and Dogs (Joe M),Ramp,1
Felidar Retreat,Cats and Dogs (Joe M),Token,1
Feline Sovereign,Cats and Dogs (Joe M),Tribal,1
Forest,Cats and Dogs (Joe M),,7
Fortified Village,Cats and Dogs (Joe M),,1
Furycalm Snarl,Cats and Dogs (Joe M),,1
Gavony Township,Cats and Dogs (Joe M),Payoff,1
Gruul Signet,Cats and Dogs (Joe M),Ramp,1
Harmonize,Cats and Dogs (Joe M),Draw,1
Healer of the Pride,Cats and Dogs (Joe M),Payoff,1
Hungry Lynx,Cats and Dogs (Joe M),Token,1
Impact Tremors,Cats and Dogs (Joe M),Finishers,1
Impostor of the Sixth Pride,Cats and Dogs (Joe M),Tribal,1
Jazal Goldmane,Cats and Dogs (Joe M),Finishers,1
Jedit Ojanen of Efrava,Cats and Dogs (Joe M),Support,1
Jungle Shrine,Cats and Dogs (Joe M),,1
"Kaheera, the Orphanguard",Cats and Dogs (Joe M),Tribal,1
Keeper of Fables,Cats and Dogs (Joe M),Draw,1
King of the Pride,Cats and Dogs (Joe M),Tribal,1
Kodama's Reach,Cats and Dogs (Joe M),Ramp,1
Leonin Warleader,Cats and Dogs (Joe M),Token,1
Loam Lion,Cats and Dogs (Joe M),,1
Loyal Warhound,Cats and Dogs (Joe M),Ramp,1
"Marisi, Breaker of the Coil",Cats and Dogs (Joe M),Support,1
Masked Vandal,Cats and Dogs (Joe M),Removal,1
Maskwood Nexus,Cats and Dogs (Joe M),Support,1
Migration Path,Cats and Dogs (Joe M),Ramp,1
Mirror Entity,Cats and Dogs (Joe M),Finishers,1
Mossfire Valley,Cats and Dogs (Joe M),,1
Mountain,Cats and Dogs (Joe M),,1
Pack Leader,Cats and Dogs (Joe M),Tribal,1
Path of Ancestry,Cats and Dogs (Joe M),Tribal,1
Plains,Cats and Dogs (Joe M),,8
Pledge of Unity,Cats and Dogs (Joe M),Support,1
Prava of the Steel Legion,Cats and Dogs (Joe M),Token,1
Pride Sovereign,Cats and Dogs (Joe M),Token,1
Pridemalkin,Cats and Dogs (Joe M),Support,1
Qasali Pridemage,Cats and Dogs (Joe M),Removal,1
Qasali Slingers,Cats and Dogs (Joe M),Removal,1
Rampant Growth,Cats and Dogs (Joe M),Ramp,1
Regal Caracal,Cats and Dogs (Joe M),Token,1
Return of the Wildspeaker,Cats and Dogs (Joe M),Draw,1
"Rin and Seri, Inseparable",Cats and Dogs (Joe M),Token,1
Second Harvest,Cats and Dogs (Joe M),Token,1
Selesnya Sanctuary,Cats and Dogs (Joe M),,1
Selesnya Signet,Cats and Dogs (Joe M),Ramp,1
Selfless Savior,Cats and Dogs (Joe M),Protection,1
Shamanic Revelation,Cats and Dogs (Joe M),Draw,1
Shared Animosity,Cats and Dogs (Joe M),Payoff,1
Shields of Velis Vel,Cats and Dogs (Joe M),Tribal,1
Sol Ring,Cats and Dogs (Joe M),Ramp,1
Sungrass Prairie,Cats and Dogs (Joe M),,1
Swords to Plowshares,Cats and Dogs (Joe M),Removal,1
Taurean Mauler,Cats and Dogs (Joe M),Tribal,1
Temple of Plenty,Cats and Dogs (Joe M),,1
Temple of Triumph,Cats and Dogs (Joe M),,1
Temur Sabertooth,Cats and Dogs (Joe M),Protection,1
Terramorphic Expanse,Cats and Dogs (Joe M),,1
Thrill of Possibility,Cats and Dogs (Joe M),Draw,1
Titanic Ultimatum,Cats and Dogs (Joe M),Finishers,1
Trusty Retriever,Cats and Dogs (Joe M),Support,1
Unclaimed Territory,Cats and Dogs (Joe M),,1
Universal Automaton,Cats and Dogs (Joe M),Tribal,1
Whitemane Lion,Cats and Dogs (Joe M),Protection,1
